버스정류소명,버스정류소ID
종로2가사거리,1001
창경궁.서울대학교병원,1002
명륜3가.성대입구,1003
종로2가.삼일교,1004
혜화동로터리,1005
서대문역사거리,1006
광화문,1009
광화문,1010
종로1가,1011
종로1가,1012
종로2가,1013
종로2가,1014
종로3가.탑골공원,1015
종로3가.탑골공원,1016
종로4가.종묘,1017
종로4가.종묘,1018
종로5가.광장시장,1019
종로5가.광장시장,1020
종로6가.동대문종합시장,1021
종로6가.동대문종합시장,1022
동대문역.흥인지문,1023
동대문(흥인지문),1037
동묘앞,1041
동묘앞,1044
경기상고,1101
신교동,1102
경기상고,1103
경복고교,1104
청운중학교,1105
자하문고개.윤동주문학관,1106
자하문고개.윤동주문학관,1107
청운중학교,1108
경복고교,1109
통인시장종로구보건소,1110
통인시장종로구보건소,1111
효자동,1112
사직단,1113
경복궁역1번출구,1114
경복궁역,1115
경복궁역,1116
경복궁,1117
KT광화문지사,1118
광화문,1120
서울역사박물관.경교장.강북삼성병원,1123
광화문.금호아시아나본관앞,1124
광화문,1125
세종문화회관,1126
서울경찰청‧경복궁역,1127
사직단,1128
광화문광화문빌딩,1129
풍문여고.덕성여중고,1130
안국역.서울공예박물관,1131
국민은행세검정지점,1132
세검정초등학교,1133
세검정.상명대,1134
상명대입구,1135
하림각,1136
자하문터널입구.석파정,1137
부암동주민센터.무계원,1138
부암동주민센터.무계원,1139
자하문터널입구.석파정,1140
하림각,1141
상명대입구,1142
세검정.상명대,1143
세검정초등학교,1144
국민은행세검정지점,1146
승가사입구,1148
구기동현대빌라,1149
구기터널한국고전번역원,1150
구기터널앞.한국고전번역원,1151
구기동,1152
구기동,1153
승가사입구,1154
갑을씨티텔앞,1155
KEB.하나은행.평창동.지점,1156
평창동주민센터,1157
일성아파트,1158
롯데아파트,1159
롯데아파트,1160
벽산평창힐스아파트,1161
예능교회,1162
서울예술고등학교.평창동주민센터,1163
화정박물관,1164
강북삼성병원,1165
독립문역,1167
서대문.서울시교육청,1168
서대문역사거리.적십자병원,1169
독립문,1171
창덕궁.서울돈화문국악당,1172
서린동.SK서린빌딩,1173
청계1가.광교,1174
청계2가.수표교,1175
청계4가.세운교,1176
청계5가.광장시장,1177
원남동,1198
창덕궁.서울우리소리박물관,1199
안국역.인사동,1200
조계사.종로경찰서,1201
조계사.종로경찰서,1202
안국동,1203
종로5가.효제동,1204
종로5가.효제초등학교,1205
창덕궁.돈화문국악당,1209
종로5가,1212
청계6가.동대문시장,1213
동대문,1214
충신동,1215
충신동,1217
현대그룹빌딩,1218
"방송통신대,이화장",1219
혜화역.마로니에공원,1220
혜화역.서울대병원입구,1221
"방송통신대,이화장",1222
이화동(이화장),1223
창경궁,1224
이화동(이화장),1225
혜화동로타리,1226
명륜동2가.성균관대입구,1227
혜화역.서울연극센터(장면총리가옥),1228
혜화역.동성중고(장면총리가옥),1229
창신동두산아파트,1231
동묘역앞,1235
동묘역앞,1236
창신3동주민센터,1238
숭인1동주민센터.창신역4번출구,1239
종로구민회관숭인동,1240
신설동로타리,1243
동묘앞,1245
구기동현대빌라,1246
광장시장,1247
혜화경찰서,1249
서울역사박물관(경교장),1250
청계3가.관수교,1251
청계6가.버들다리,1252
청계7가.맑은내다리,1253
청계8가.영도교,1254
원남동사거리,1256
숭인동,1262
조계사,1267
세종문화회관,1272
이화동(이화장),1277
상명대정문,1278
이북오도청,1279
상명대입구,1286
상명대입구,1287
종로중부새마을금고,1288
신설동로터리.신한은행앞.서울풍물시장,1289
청계2가.삼일교,1291
청계8가.황학교,1292
평창동삼성아파트,1293
안국역.인사동,1294
안국역.서울공예박물관,1295
평창동주민센터,1500
평화동물병원,1513
오거리,1522
청련사입구,1533
언덕앞,1544
소나무집,1553
아름다운실버,1561
보현산신각,1567
혜원사,1573
화인빌라,1580
힐탑,1586
파라과이대사관,1593
청와대,1601
경복궁.국립민속박물관,1603
임마누엘제4천사의집,1607
무애사,1698
제1놀이터,1723
평창공원지킴터 입구,1732
종로1가,1763
통인시장,1793
평창동 산림제3초소,1795
명동의류,1802
감람산기도원,1809
연화정사,1816
형제봉매표소,1823
지구촌교회,1830
보현빌라,1836
북악휴게실,1842
남대문세무서.서울백병원,2001
서울백병원.평화방송.국가인권위,2002
서울역버스환승센터,2003
서울역버스환승센터,2004
서울역버스환승센터,2005
서울역버스환승센터,2006
서울역버스환승센터,2007
숭례문,2008
서울시청,2100
만리동고개,2101
손기정체육공원입구,2102
"서울의료보건고등학교,서울역서부",2103
서울역서부,2105
서울역서부,2106
종근당.충정로역,2107
"한국경제신문사,서소문역사공원",2108
"한국경제신문사,서소문역사공원",2109
경찰청.동북아역사재단,2110
서대문경찰서,2113
염천교,2116
숭례문,2117
숭례문.한국일보,2118
후암삼거리,2120
숭례문,2121
숭례문,2122
숭례문,2123
남대문시장악세사리전문상가,2124
숭례문남산방향,2125
남대문시장,2126
북창동.남대문시장,2127
시청앞,2128
삼성프라자,2131
시청앞,2132
서소문,2133
서소문,2134
시청.서소문청사,2135
서울신문사,2137
우리은행종로지점,2139
롯데백화점,2140
해운센터.롯데영프라자,2141
롯데영프라자,2142
신세계앞,2144
남대문시장.회현역,2145
남대문시장.회현역,2146
남산3호터널,2147
남산3호터널,2148
명동역4번출구,2149
퇴계로2가.명동역5번출구,2150
퇴계로3가.한옥마을.한국의집,2151
퇴계로3가.한옥마을.한국의집,2152
충무로역2번출구.대한극장앞,2153
충무로역8번출구.대한극장앞,2154
초동,2155
을지로입구.로얄호텔,2156
을지로입구.시청입구,2157
을지로2가.기업은행본점.서울노동청,2158
을지로2가.파인에비뉴,2159
을지로3가,2160
을지로3가,2161
을지로4가,2162
을지로4가.베스트웨스턴국도,2163
중구청앞.덕수중학교,2164
을지로5가,2165
을지로5가.중부시장,2166
방산시장.훈련원종합체육관,2167
을지로5가.훈련원종합체육관,2168
을지로6가.국립중앙의료원,2169
광희동,2170
광희동,2171
을지로6가.국립중앙의료원,2172
동대문역사문화공원,2173
동대문역사문화공원,2174
충무아트센터.스포츠센터.중부소방서,2177
충무아트센터.스포츠센터.중부소방서,2178
성동공업고등학교(무궁화회관),2179
성동공업고등학교앞,2180
신당역.중앙시장앞,2181
신당역.중앙시장앞,2182
성동고등학교,2183
성동고등학교,2184
신당동떡볶이타운.중구여성플라자,2187
신당동떡볶이타운.중구여성플라자,2188
신당동.청구역,2189
신당동.청구역,2190
약수역2번출구.중구구립도서관,2191
약수역3번출구.약수하이츠,2192
약수역4번출구.금호터널입구,2193
약수역5번출구.금호터널입구,2194
약수역8번출구.신당사회복지관,2195
약수역7번출구.약수동주민센터,2196
송도병원앞,2197
송도병원앞,2198
약수역1번출구,2199
장충체육관앞,2201
장충체육관앞,2202
장충동.동국대입구,2203
장충동.동국대입구,2204
퇴계로6가,2205
퇴계로6가,2206
퇴계로5가,2207
퇴계로5가,2208
국립극장,2209
국립극장,2210
청구역,2211
청구역,2212
동화동,2213
동화동,2214
백범광장,2215
남대문경찰서,2218
남대문시장.신한은행,2219
동대입구역.장충동,2222
약수역10번출구,2223
청계1가.광교,2224
청계2가.삼일교,2225
청계4가.배오개다리,2226
청계5가.방산시장,2227
청계6가.평화시장,2228
청계7가.동평화.청평화시장,2229
청계8가.영도교,2230
신한은행본점,2233
동대문역사문화공원,2235
버티고개,2236
버티고개,2237
청계3가.관수교,2240
청계6가.오간수교,2241
충무로역.매일경제,2242
을지로입구역.광교,2246
도로교통공단앞,2252
명동입구,2253
남산북측순환로입구,2254
신당동삼성아파트,2255
신당동대우푸르지오,2256
황학동주민센터,2257
신당초등학교앞,2258
금호베스트빌.래미안하이베르,2259
금호베스트빌.래미안하이베르,2260
도로교통공단후문,2261
서대문경찰서,2262
방산종합시장,2272
황학동롯데캐슬,2273
광희문.광희동사거리,2274
광희문.광희동사거리,2275
황학동롯데캐슬,2277
한국은행.신세계앞,2278
서울기동대.광희초등학교,2279
동대문디자인플라자,2280
서대문역사거리.농협중앙회,2281
서울스퀘어앞,2282
북창동.남대문시장,2283
힐튼호텔,2284
힐튼호텔,2285
시청앞.덕수궁,2286
남대문세무서.국가인권위원회,2287
앰배서더호텔.장충문화체육센터,2288
남산1호터널,2289
남산예장버스환승주차장,2291
프레스센터,2507
서울광장,2641
서울역,2685
서울역,2694
한강대교북단,3001
한강대교북단,3002
신용산역,3003
신용산역,3004
용산우체국,3005
용산우체국,3006
삼각지역,3007
삼각지역,3008
숙대입구역,3009
숙대입구역,3010
갈월동,3011
갈월동,3012
남영역,3110
남영역,3111
신용산역3번출구,3119
서울드래곤시티,3120
한강로동웨딩코리아,3122
서계동,3124
서계동,3125
청파동,3126
청파동,3127
숙대입구역.청파동주민센터,3128
숙대입구역.청파동주민센터,3129
남영역,3130
남영역,3131
용산전자상가17동,3132
용산전자상가19동,3133
용산전자상가10동,3134
용산전자상가12동,3135
용산전자상가.전자랜드,3136
용산전자상가.전자랜드,3137
원효대교북단,3138
용산경찰서,3139
용산경찰서,3140
원효로우체국,3141
용산e편한세상,3142
남정초등학교,3143
원효로2가,3144
원효로2가사거리,3145
원효로3가,3146
원효로3가,3147
용암초등학교입구.이태원주공아파트,3148
이태원동남산대림아파트.용산동아파트,3149
용산한신아파트,3150
해방촌,3151
국군재정관리단,3152
용산구청,3153
용산구청,3154
한강중학교,3155
한강중학교앞,3156
서빙고역1번출구,3157
장충단로입구,3158
남산예술원,3159
서울중부기술교육원.블루스퀘어,3160
서울시중부기술교육원.블루스퀘어,3161
순천향대학병원,3162
순천향대학병원,3163
순천향대학병원,3164
순천향대학병원.한남오거리,3165
한남5거리,3166
남산도서관,3167
남산도서관,3168
후암약수터,3169
후암약수터,3170
보성여중고입구,3171
보성여중고입구,3172
남산체육관,3173
남산체육관,3174
하얏트호텔,3175
하얏트호텔,3176
용마루고개(서울자동차고등학교),3177
용마루고개.효창파크푸르지오아파트,3178
효창공원앞역,3179
효창공원앞역,3180
용산구보건분소,3181
용산구보건분소,3182
문배동등기소앞,3183
전쟁기념관,3184
전쟁기념관,3185
녹사평역,3186
녹사평역,3187
용산구청.이태원시장,3188
용산구청.이태원시장,3189
해밀턴호텔,3190
해밀턴호텔,3191
이태원119안전센터,3192
이태원119안전센터,3193
한남동주민센터,3194
한남동주민센터,3195
한강진역.블루스퀘어,3196
한강진역.블루스퀘어,3197
서울역,3198
후암3거리,3199
후암시장,3200
후암시장,3201
삼강의원,3202
용산중고,3203
후암동종점,3204
용산중고,3205
남영동주민센터,3206
남영동주민센터,3207
남영우체국,3208
남영우체국,3209
한남시범아파트,3210
한남시범아파트,3211
한남동,3212
한남동,3213
이촌동동부센트레빌,3214
이촌동두산위브트레지움.한강대우아파트,3215
이촌1동충신교회앞,3216
이촌동한가람아파트.이촌역,3217
이촌동한강맨션.이촌역,3218
신용산초등학교,3219
신용산초등학교. 중경고등학교,3220
중경고등학교.이촌동강촌아파트,3221
이촌동점보아파트,3222
이촌동현대아파트,3223
금강병원.반도아파트,3224
서빙고신동아아파트,3225
서빙고신동아아파트,3226
만리동고개,3227
손기정체육공원,3228
숙대입구역,3229
남영역,3230
숙명여대도서관앞,3231
숙명여대도서관앞,3232
숙명여대정문,3233
숙명여대정문,3234
숙명여대후문,3235
효창공원후문,3236
한겨레신문사입구,3237
대한노인회,3238
효창운동장.효창동주민센터,3239
"효창동주민센터, 금양초등학교",3240
금양초등학교,3241
도원삼성래미안아파트,3243
도원삼성래미안아파트,3244
중앙하이츠빌라앞,3245
중앙하이츠빌라앞,3246
용문시장,3247
용문시장,3248
용산전자상가입구,3249
용산전자상가입구,3250
신용산.지하차도,3251
신용산.지하차도,3252
신용산역,3253
용산역,3255
용사의집,3256
용사의집,3257
용산역광장앞,3258
용산역사박물관.용산철도고등학교,3259
용산역사박물관.용산철도고등학교,3260
용산세무서,3261
용산세무서,3262
이촌역,3263
이촌역,3264
국립중앙박물관용산가족공원,3265
국립중앙박물관용산가족공원,3266
서빙고역교차로,3267
서빙고초등학교,3268
한강중학교,3269
금호베스트빌앞,3270
서빙고동,3272
서빙고동주민센터,3273
동빙고동,3274
동빙고동,3275
보광신동아아파트삼성리버빌아파트,3276
보광동신동아아파트,3277
보광동주민센터,3278
기업은행보광동지점,3279
기업은행보광동지점,3280
한국폴리텍1대학,3281
한국폴리텍1대학,3282
보광동입구,3283
보광동입구,3284
한남역.용산노인종합복지관,3285
한남역.용산노인종합복지관,3286
이촌119안전센터.성촌공원,3287
이촌2동부영주유소,3288
이촌2동부영주유소,3289
이촌2동주민센터,3290
이촌2동주민센터,3291
이촌2동대림아파트.새남터성지,3292
이촌2동대림아파트.새남터성지,3293
서부이촌동입구,3294
이촌2동강변아파트,3295
원효2동산호아파트후문,3296
청암동강변삼성아파트,3297
청암동강변삼성아파트,3298
원효2동산호아파트,3299
원효2동산호아파트,3300
현대자동차써비스,3301
원효로풍전아파트,3302
원효풍전아파트,3303
원효2동주민센터,3304
산천동리버힐삼성아파트,3305
산천동,3306
산천동,3307
신창동세방아파트,3308
신창동세방아파트,3309
남이장군사당,3310
남이장군사당,3311
새마을금고,3312
새마을금고,3313
순천향병원입구,3319
남산서울타워,3320
청심경로당,3321
삼성테마트,3322
서빙고동금호베스트빌,3323
한남동하이페리온,3324
서빙고역1번출구,3325
문배동이안아파트앞,3326
갈월동4호선숙대입구,3327
삼각지역11번출구,3328
숙대입구,3330
원효대교북단,3331
문배동이안아파트앞,3332
순천향병원입구,3334
숙명여대입구,3335
서빙고초등학교,3336
한강대교전망카페,3338
한강대교전망카페,3339
노들섬,3340
노들섬,3341
용암초등학교.이태원2동주민센터,3342
용암초등학교.이태원2동주민센터,3343
효창공원삼거리,3344
서울역공항철도15번출구.국립극단,3345
원효로1동.주민센터,3346
남산도서관,3347
청암자이아파트,3689
답십리역사거리,4001
청년회의소,4002
장한평역,4003
상왕십리역,4101
상왕십리역,4102
도로교통공단앞,4103
왕십리교회,4104
뉴타운아파트,4105
청계벽산아파트.텐즈힐아파트,4106
청계벽산아파트.텐즈힐아파트,4107
왕십리1동새마을금고,4108
왕십리2동주민센터,4109
코스모타워,4110
성동구청,4112
상왕십리역,4113
상왕십리역.센트라스아파트,4114
마장동주민센터,4116
마장역,4117
성동노인복지관,4118
마장축산물시장,4119
마장축산물시장,4120
도선사거리,4121
도선사거리,4122
마장동금호아파트,4123
마장동금호아파트,4124
한양대부속고등학교,4125
한양대부속고등학교,4126
한양대앞.한양시장,4127
한양대앞,4128
한양대정문,4129
한양대정문앞,4130
무학여고앞,4131
무학여고,4132
왕십리역,4133
왕십리역,4134
왕십리역,4135
세왕병원,4136
서울숲삼부아파트,4137
응봉동주민센터,4138
응봉동주민센터,4139
응봉삼거리,4140
응봉동현대아파트,4141
응봉동현대아파트,4142
대경중입구,4143
신금호역,4145
신금호역,4146
팔봉사입구,4147
금호자이1차아파트입구,4148
금호동벽산아파트,4149
래미안하이리버아파트,4150
금호사거리,4151
금호사거리,4152
금남시장앞.백범학원터,4153
금남시장앞.백범학원터,4154
금호역,4155
금호역,4156
금옥초등학교앞,4157
금옥초등학교앞,4158
삼성래미안아파트앞,4159
삼성래미안아파트앞,4160
옥수삼성아파트.래미안옥수리버젠,4161
옥수삼성아파트.래미안옥수리버젠,4162
미타사입구,4163
옥수중앙교회,4164
옥수중앙교회,4165
옥수동종점,4168
옥정중학교입구,4169
옥정중학교입구,4170
성수1가1동새마을금고,4171
성수1가새마을금고,4172
천주교성수동성당앞,4173
천주교성수동성당앞,4174
뚝도아리수정수센터수도박물관,4175
뚝도아리수정수센터수도박물관,4176
서울숲역2번출구,4177
서울숲역3번출구,4178
성동구민종합체육센타,4179
성동구민종합체육센타,4180
성수공고앞,4181
성수공고앞,4182
경일초등학교입구,4183
경일초등학교입구,4184
성동교남단,4185
성동교남단,4186
상원,4187
상원,4188
영동대교북단,4189
경수중학교,4190
성동웨딩홀앞,4191
성동웨딩홀앞,4192
경수중학교,4193
경수중학교,4194
뚝도시장,4195
뚝도시장,4196
성원중성수동이마트앞,4197
성원중성수동이마트앞,4198
서울숲지구대앞,4199
서울숲지구대앞,4200
뚝도시장구길,4201
뚝도시장구길,4202
성수동진주타운,4203
성수동진주타운,4204
영동대교,4205
영동대교,4206
화양사거리,4207
성수사거리. 성수초등학교,4208
서울효사랑병원,4209
성수2가3동주민센터,4210
제인병원,4211
성동세무서앞,4212
성동세무서,4213
송정동서울숲아이파크,4214
송정동건영아파트,4215
군자교남단,4216
신답역,4217
용답동동부시장답십리역,4218
도시철도공사,4221
뚝섬서울숲,4222
뚝섬서울숲,4223
사근동하이츠아파트앞,4226
사근동하이츠아파트앞,4227
사근동주민센터,4228
사근동주민센터,4229
사근고개,4230
사근고개,4231
사근파출소앞,4232
사근파출소앞,4233
사근동벽산아파트,4234
뚝섬역8번출구,4236
뚝섬역2번출구,4237
뚝섬역5번출구,4238
뚝섬역4번출구,4239
성수역1번출구,4240
성수동SK아파트형공장앞,4241
성수동SK아파트형공장앞,4242
경동초등학교입구,4243
경동초등학교입구,4244
경일초등학교앞,4245
경일초등학교앞,4246
한양여대앞,4247
꽃재교회,4252
성수역4번출구,4253
리버하우스,4254
리버하우스,4255
성수사거리,4256
성수사거리,4257
성동제일새마을금고,4258
성동제일새마을금고,4259
청계9가.텐즈힐2단지 정문앞,4261
뚝섬서울숲,4264
서울숲1번출입구,4265
서울숲1번출입구,4266
용답휴식공원,4267
용답휴식공원,4268
성수2가3동주민센터,4269
극동그린아파트앞,4270
마장역,4271
행당신동아.행당푸르지오아파트,4272
왕십리1동새마을금고,4273
극동아파트,4275
풍림아파트,4276
벽산아파트,4277
대림아파트,4278
행당역,4279
행당역,4280
무학여고,4281
극동그린아파트,4282
성수동차고지,4286
제민약국,4288
신당현대아파트,4289
신당현대아파트,4290
제민약국,4291
우리은행화양동지점,4293
황학교.텐즈힐몰,4295
마장동주민센타,4298
왕십리광장.왕십리역7번출구,4301
왕십리광장.왕십리역4번출구,4302
한양대동문앞,4303
왕십리도선동청사앞,4304
한양여대앞,4305
행당중학교,4306
성동구청,4574
대림아파트후문,4698
군자교입구,5001
군자교입구,5002
군자역.용마초등학교,5003
군자역.용마초등학교,5004
중곡동입구삼거리,5005
어린이대공원후문아차산역,5006
어린이대공원후문아차산역,5007
광나루역,5011
광나루역,5012
군자교,5101
군자교,5102
메리놀외방선교회,5103
메리놀외방선교회,5104
중곡1동주민센터입구,5105
중곡1동주민센터입구,5106
중곡1동사거리,5107
중곡1동사거리,5108
중마초등학교.중곡제일골목시장앞,5109
용마사거리,5111
중곡2동주민센터앞,5112
중곡2동주민센터앞,5113
중곡동성당앞,5114
종합의료복합단지,5115
중곡동종점,5116
중곡보건지소,5117
신성시장앞,5118
중곡우체국앞,5119
면곡시장,5120
면곡시장,5121
중곡아파트,5122
중곡아파트,5123
중마초등학교.중곡제일골목시장앞,5124
중곡역입구,5125
중곡역입구,5126
중곡3동주민센터앞,5127
중곡3동주민센터앞,5128
면곡시장앞,5129
면곡시장앞,5130
용암사입구,5131
용곡삼거리,5132
중곡역.국립정신건강센터,5133
대원고교앞,5134
용암사입구,5135
대원고교앞,5136
중곡동종점,5137
신성시장,5138
중곡동입구,5139
어린이대공원앞,5140
능동사거리.군자역,5141
구의사거리.광진소방서앞,5142
건대앞,5143
구의사거리.광진소방서앞,5144
광진경찰서,5145
광진경찰서,5146
광진경찰서,5147
광진구청,5148
동부지방법원앞,5149
래미안구의파크스위트,5150
구의2동주민센터입구,5151
구의2동주민센터입구,5152
구의사거리,5153
구의사거리,5154
래미안구의파크스위트,5150
현대아파트앞,5156
현대아파트앞,5157
광진우체국,5158
강변역A,5161
테크노마트앞.강변역,5162
현대2단지,5163
올림픽대교북단사거리,5164
올림픽대교북단사거리,5165
광나루역.극동아파트,5168
광나루역.극동아파트,5169
워커힐아파트.광장동,5172
광진구청,5175
자양사거리,5176
자양사거리,5177
자양초등학교앞,5178
자양초등학교앞,5179
건국대학교앞,5180
자양미소약국.자양골목시장,5183
국민은행자양지점앞,5185
자양하늘채베르아파트앞,5187
자양동잠실대교북단,5188
신자초등학교앞,5189
자양미소약국.자양골목시장,5190
국민은행자양지점앞,5191
동서울우편집중국앞,5192
자양하늘채베르아파트앞,5193
자양동잠실대교북단,5194
동부지방법원앞,5199
국민은행신자양지점,5200
신양초등학교앞,5201
신양초등학교앞,5202
뚝도변전소앞,5203
광진문화예술회관,5204
건국대학교앞,5205
신자초등학교앞,5209
자양우성아파트앞,5210
자양우성아파트앞,5211
자양고교앞,5212
자양고교앞,5213
대동아파트앞,5214
국민은행신자양지점,5215
노룬산시장,5216
건대입구역 6번출구,5217
건대로데오거리입구,5218
노룬산시장앞,5219
영동대교북단,5220
노룬산시장앞,5221
신양초등학교앞,5222
자양4동주민센터앞,5223
성수사거리,5224
화양사거리,5225
광진광장,5226
어린이대공원역.화양천주교회,5227
한아름공원,5228
건대입구역사거리.건대병원,5229
건대입구역 1번출구,5230
건대앞,5231
건대입구역사거리.건대병원,5232
동아자동차운전학원앞,5233
어린이대공원역.화양천주교회,5234
송정동서울숲아이파크,5235
송정동건영아파트,5236
군자교남단,5237
KEB.하나은행.군자동.지점,5238
KEB.하나은행.군자동.지점,5239
능동우편취급국,5240
군자삼거리,5241
군자삼거리,5242
세종초등학교.세종사이버대학교앞,5243
세종초교앞,5244
군자새마을금고.성동광진위센터,5245
군자새마을금고앞,5246
화양시장앞,5247
화양시장앞,5248
화양사거리,5249
광진광장,5250
어린이대공원앞.세종대학교,5251
능동교회앞,5252
능동사거리.군자역,5253
군자역먹자골목사거리,5254
군자동주민센터앞,5255
어린이대공원후문,5258
중곡동입구,5260
제일은행사거리,5261
중곡삼거리,5262
건대병원입구,5263
광진청소년수련관,5265
강변역B,5266
테크노마트앞.강변역,5267
중곡동성당,5268
종합의료복합단지,5269
중곡역.국립정신건강센터,5270
용곡삼거리,5271
구의3동주민센터,5272
구의3동주민센터,5273
광진구민체육센터,5298
광나루우편취급국,5299
면곡시장,5687
중곡삼거리,5690
답십리역사거리,6001
청년회의소,6002
장한평역,6003
신답초등학교앞,6004
신답초등학교앞,6005
동대문구청,6006
서울시동부병원,6007
신설동역.서울풍물시장,6008
중랑교,6009
중랑교,6010
삼육서울병원,6011
삼육서울병원,6012
시조사삼거리,6013
떡전교사거리.동대문노인복지관,6014
청량리역환승센타,6015
청량리역환승센타,6016
동대문구청,6017
청량리역환승센터,6018
청량리역환승센터,6019
청량리역환승센터,6020
청량리미주아파트.동대문세무서,6021
청량리.청과물도매시장,6022
제기동역.서울약령시,6023
제기동역.서울약령시,6024
용두동사거리,6025
용두동사거리.한국의류시험연구원,6026
신설동역,6027
신설동역,6028
신설동역,6101
신설동역,6102
용두동한국의류시험연구원,6103
용두로타리한국의류시험연구원,6104
제기역약령시장,6105
제기역약령시장,6106
청량리미주상가앞,6112
서울성심병원,6113
서울성심병원,6114
시조사,6115
휘경동입구,6117
삼육서울병원,6118
중랑교,6121
회기시장,6122
회기시장,6123
경희중고,6124
경희중고,6125
외대앞,6126
외대앞,6127
이문동우체국,6128
이문동교회,6129
의릉입구,6130
의릉입구,6131
한천로쌍용아파트앞,6132
한천로쌍용아파트앞,6133
이문동삼익아파트,6134
이문동삼익아파트,6135
동일스위트리버아파트.휘봉고교,6136
휘경유수지견인차고지앞,6137
서울보호관찰소.동성빌라,6140
서울보호관찰소.동성빌라,6141
휘경여중고휘경주공아파트앞,6142
휘경여중고휘경주공아파트,6143
장안동현대아파트앞,6144
전곡시장앞,6145
전곡시장앞,6146
답십리촬영소,6147
촬영소사거리,6148
풍안시장.동답초교,6149
동답한신동아아파트,6150
동답한신동아아파트,6151
동아.위더스빌아파트,6152
동아.위더스빌아파트,6153
하나은행장안동지점,6154
장한평,6155
청년회의소앞,6156
고미술상가,6157
답십리역.동부시장,6158
신답역앞,6159
동대문구청앞,6160
용두역,6161
용두동,6162
동대문우체국.서울풍물시장,6163
동대문구청앞,6164
동대문구청후문앞,6165
동대문구청앞,6166
경동시장앞,6167
제기동주민센터.서울약령시앞,6168
경동시장,6169
홍파초등학교,6170
홍파초등학교,6171
제기동한신아파트앞,6172
고려대역.고대앞삼거리,6173
고려대역.고대앞삼거리,6174
고려대학교앞,6175
우신향병원,6176
안암오거리,6177
대광고등학교앞,6178
종암초등학교앞,6179
용두시장앞,6180
용두시장앞,6181
서울시동부병원,6182
서울시동부병원,6183
동아제약앞,6184
동아제약앞,6185
떡전교앞,6186
떡전교앞,6187
서울시립대입구,6188
서울시립대학교앞,6189
서울시동부교육지원청.해성국제컨벤션고교,6190
서울시동부교육지원청.해성국제컨벤션고교,6191
전농우체국앞,6192
전농우체국앞,6193
청솔우성아파트.답십리시장,6194
청솔우성아파트.답십리시장,6195
답십리2동시온교회앞,6196
답십리1동희망샘교회앞,6197
답십리초등학교.현대시장,6198
답십리초등학교앞,6199
답십리역사거리,6200
황물로사거리,6201
동대문어린이집,6202
동대문어린이집,6203
동대문중학교,6204
동대문중학교,6205
전농래미안크레시티아파트,6206
대한노인회동대문구지회,6207
전농사거리,6208
전농사거리,6209
배봉초등학교앞,6210
배봉초등학교앞,6211
장안2동주민센터,6212
장안2동주민센터,6213
장안교앞,6214
장안교은석초등학교,6215
성바오로병원앞,6216
성바오로병원앞,6217
전농시장앞,6218
전농시장앞,6219
동대문구답십리도서관앞,6220
동대문구답십리도서관앞,6221
답십리래미안위브아파트,6222
답십리지구대,6223
답십리종합상가,6224
답십리2동두산아파트,6225
한양아파트.청솔우성아파트후문,6226
답십리2동한양아파트앞,6227
답십리2동한양아파트앞,6228
동답한신.대림아파트동대문체육관,6229
촬영소사거리.동답초등학교,6230
촬영소사거리.세양청마루아파트앞,6231
장안지구대,6232
장안지구대,6233
장안사거리,6234
국민은행장안동지점,6235
국민은행장안동지점,6236
장안동근린공원,6237
장안동근린공원,6238
동대문더퍼스트데시앙아파트,6239
신한은행장안동지점,6240
코리아병원,6241
새서울병원,6242
장안동삼성쉐르빌아파트,6243
장안동삼성쉐르빌아파트,6244
(구)경남호텔앞,6245
현대벤처빌.현대썬앤빌,6246
현대벤처빌,6247
우리은행장안지점앞,6248
우리은행장안지점앞,6249
북한연구소앞,6250
장한평역,6251
장한평역,6252
신이문역,6253
이문동현대아파트앞,6254
이문동현대아파트,6255
휘경2동주민센터,6256
휘경2동주민센터,6257
"동부아동상담소, 둥국대부속중고",6258
장안삼성래미안2차아파트,6259
장안삼성래미안2차아파트.성복교회,6260
장안현대홈타운아파트앞,6261
구민회관앞,6262
파라브아파트,6263
장안현대홈타운상가,6264
장안현대홈타운앞,6265
장안치안센터,6266
장안치안센터,6267
장평중학교,6268
회기역종점,6269
경희대입구,6270
경희대입구,6271
농촌경제연구원,6272
농촌경제연구원,6273
한국과학기술원.홍릉초등학교,6274
한국과학기술원.홍릉초등학교,6275
국방연구원,6276
국방연구원,6277
세종대왕기념관,6278
세종대왕기념관,6279
홍릉사거리,6280
홍릉사거리,6281
동대문경찰서,6282
동대문경찰서,6283
현대코아,6284
현대코아,6285
동대문중앙새마을금고,6286
동대문중앙새마을금고,6287
제기동주민센터앞,6288
제기동한신아파트,6289
제기시장,6290
제기시장,6291
외대역앞,6293
외대역앞,6294
이경시장,6295
"청량리한신아파트, 청량사입구",6297
전농동SK아파트,6298
벽산아파트,6299
제기동천주교회,6300
이문동쌍용아파트,6301
이문동쌍용아파트,6302
이문1동주민센터,6303
전농동SK아파트,6304
한국산업인력공단서울지역본부,6308
휘경공고휘경주공아파트,6309
e편한세상청계센트럴포레아파트,6310
한천로입구,6311
래미안장안1차아파트앞,6313
장평중학교앞,6314
청량리미주상가앞,6315
동대문구청앞,6316
종로사약국,6318
회기동현대아파트,6320
우산빌딩앞,6321
배봉산입구,6322
면곡시장,6324
동부아파트,6330
자동차부품상가,6335
"청량리한신아파트, 청량사입구",6349
장안동삼성쉐르빌아파트앞,6356
동대문노인종합복지관,6357
쌍용아파트,6358
쌍용아파트,6359
삼육서울병원,6416
동일스위트리버앞.휘봉고교,6417
엘림교회.대명신협앞,6418
휘봉초등학교,6419
휘경미소지움아파트,6422
휘경공고.휘경주공아파트,6423
용두동신동아아파트,6424
청량리수산시장,6426
신설동로터리.서울풍물시장,6774
경동시장앞,6775
경동시장사거리,6776
동답초교.대림아파트,6779
동대문노인종합복지관,6999
망우역.상봉터미널,7001
망우역.상봉터미널,7002
상봉역.중랑우체국,7003
상봉역.중랑우체국,7004
중랑역.동부시장,7005
중랑역.동부시장,7006
망우역.망우지구대,7007
망우역.망우지구대,7008
우림시장.망우사거리,7009
우림시장.망우사거리,7010
금란교회,7011
금란교회,7012
동부제일병원,7013
동부제일병원,7014
극동늘푸른아파트,7101
묵동자이.신도브래뉴아파트,7102
묵동삼거리.먹골역,7103
먹골역. 묵동자이아파트,7104
한국전력동대문중랑지사,7105
한국전력동대문중랑지사,7106
지하철7호선중화역,7107
지하철7호선중화역,7108
국민은행중화동지점,7109
중화동한신아파트,7110
KT중랑지점사거리,7111
KT중랑지점사거리,7112
면목2동주민센터,7113
중목초등학교,7114
면목2동,7115
면목2동,7116
면목5동주민센터.중랑구치매지원센터,7117
장안시장.중랑구치매지원센터,7118
면목신우아파트,7119
면목신우아파트,7120
면목119안전센터,7121
경남아너스빌아파트앞,7122
늘푸른동아아파트,7123
중랑역동부시장1,7124
중랑역.동부시장1,7125
한샘교회,7128
국민은행망우동지점,7129
지하철7호선상봉역,7130
국민은행망우동지점,7131
지하철7호선상봉역,7132
망우역,7133
망우역,7134
망우지구대,7135
하나은행망우동지점,7137
금란교회앞,7140
금란교회앞,7141
망우동고개,7143
서울우유앞,7144
서울우유앞,7145
중랑초등학교,7146
중랑초등학교,7147
동부시장 남문입구,7148
동부시장 남문입구,7149
88병원,7150
상봉2동주민센터,7151
상봉2동주민센터,7152
상봉2동주민센터,7153
면목6거리,7154
면목6거리,7155
상봉신협,7156
상봉신협,7157
상봉터미널입구,7158
상봉터미널입구,7159
혜원여중고입구,7160
혜원여중고입구,7161
봉우재고개,7162
봉우재고개,7163
우림시장,7164
우림시장,7165
지하철7호선상봉역,7166
지하철7호선상봉역,7167
면목초등학교,7168
면목초등학교,7169
지하철7호선면목역,7170
지하철7호선면목역,7171
면목본동주민센터,7172
면목본동주민센터,7173
면동초등학교,7174
면동초등학교,7175
면목우체국.녹색병원,7176
면목우체국.녹색병원,7177
지하철7호선사가정역,7178
지하철7호선사가정역,7179
면목시장,7180
면남초등학교,7181
면남초등학교,7182
방약국앞,7183
방약국앞,7184
중곡초등학교,7185
중곡초등학교,7186
삼용사입구,7187
삼용사입구,7188
용마공원입구,7189
용마공원입구,7190
망우3동주민센터.면일초교,7191
망우3동주민센터,7192
서일대학교,7193
서일대학교,7194
용마문화복지센터,7195
용마문화복지센터,7196
중화중학교.면목고등학교,7197
중화중학교.다문화가족지원센터,7198
면중초등학교,7199
면중초등학교,7200
한양수자인사가정파크,7201
면목동금호어울림아파트,7203
면목동금호어울림아파트,7204
면목동대원칸타빌아파트,7205
용마폭포공원,7206
용마폭포공원,7207
용마산역,7208
용마산역,7209
면목동,7210
면목동,7211
묵동구길,7212
묵동구길,7213
묵1동주민센터입구.먹골역,7214
묵1동주민센터입구.먹골역,7215
신성은하수아파트,7216
신성은하수아파트,7217
면목2동한신아파트,7218
면목2동한신아파트,7219
면목5동,7220
면목5동,7221
동서그랜드맨션,7222
동서그랜드맨션,7223
하나은행면목지점,7224
하나은행면목지점,7225
면목복개천,7226
면목복개천,7227
지하철7호선면목역,7228
면목역,7229
농협앞,7230
농협앞,7231
혜원여중고후문,7232
혜원여중고후문,7233
면목사거리,7234
면목사거리,7235
녹색병원입구,7236
녹색병원입구,7237
면목두산아파트1차,7238
면목두산아파트1차,7239
면목두산아파트4.5단지,7240
면목두산아파트4.5단지,7241
사가정센트럴아이파크아파트,7242
홈플러스면목동점,7243
면목두산아파트2차,7244
면목두산아파트2차,7245
사가정역,7246
사가정역,7247
사가정시장,7248
사가정시장,7249
용마산교차로,7250
중화2동주민센터,7251
중화2동주민센터,7252
지하철7호선중화역3번출구,7253
지하철7호선중화역3번출구,7254
지하철7호선중화역2번출구,7255
지하철7호선중화역2번출구,7256
중흥초등학교,7257
중흥초등학교,7258
이화연립경동제일교회앞,7259
이화연립경동제일교회앞,7260
쌍용아파트신내테크노타운앞,7261
쌍용아파트신내테크노타운앞,7262
엘지아파트앞,7263
엘지아파트앞,7264
신현중학교,7265
신현중학교,7266
중랑구청,7267
중랑구청,7268
동성프라자앞,7269
동성프라자앞,7270
성원아파트경남아너스빌앞,7271
성원아파트경남아너스빌앞,7272
중랑구청사거리,7273
중랑구청사거리,7274
신내동성3차아파트,7275
신내동성1.2차아파트,7276
신내10단지아파트,7277
신내9단지아파트,7278
신내8단지아파트.서울의료원,7279
신내9단지아파트.서울의료원,7280
신내7단지아파트홈플러스,7281
신내7단지아파트홈플러스,7282
봉화초등학교,7283
봉화초등학교,7284
신내6단지,7285
신내6단지,7286
신내6단지아파트,7287
신내우체국.5단지두산대림아파트,7288
신내우체국.5단지두산대림아파트,7289
구립도서관체육관,7290
구립도서관체육관,7291
신내4단지아파트,7292
신내4단지아파트,7293
지하철6호선화랑대역,7294
지하철6호선화랑대역,7295
봉화산역2번출구,7296
봉화산역3번출구,7297
중랑경찰서후문,7298
새우개마을,7299
신내능마을,7300
신내능마을,7301
신내교회.신내데시앙아파트,7302
신내교회.신내데시앙아파트,7303
신내초등학교,7304
신내새한아파트앞,7305
능산지하차도,7306
능산지하차도,7307
상봉터미널,7308
상봉터미널,7309
혜원여중고후문,7310
혜원여중고후문,7311
동원시장,7312
동원시장,7313
면목본동파출소,7314
면목본동파출소,7315
중화2동체육공원,7316
중화빗물펌프장,7317
중화2동새마을금고,7318
중화2동새마을금고,7319
중랑교동부시장,7320
중랑교동부시장,7321
아남리치카운티아파트,7324
망우동고개,7325
망우금호어울림아파트,7327
망우동금호어울림아파트,7328
경남아파트,7329
서울특별시북부병원,7330
양원역입구,7331
양원역입구,7332
양원리,7333
양원리,7334
동서울교회,7335
동서울교회,7336
중랑공영차고지,7337
면목아남아파트,7346
중랑소방서,7347
세방아파트입구,7348
원묵고등학교,7349
먹골파출소.신안아파트입구,7350
먹골파출소.신안아파트입구,7351
신안2차아파트,7352
신안2차아파트입구,7353
중랑소방서,7354
송곡여고양원역,7355
송곡여고양원역,7356
엘림재가방문요양센터,7357
엘림재가방문요양센터,7358
이화미디어고등학교,7359
이화미디어고등학교,7360
금란교회,7361
금란교회,7362
망우사거리,7363
망우사거리,7364
국민은행망우동지점,7365
국민은행망우동지점,7366
신내6단지아파트,7367
이수아파트앞시장입구,7369
이수아파트앞시장입구,7370
묵동교,7371
묵동교,7372
동양쇼핑,7373
우리은행,7375
하나은행,7376
한국아파트,7377
동구햇살아파트,7378
묵동롯데시네마,7379
묵동롯데시네마,7380
브라운캐슬,7381
두리마트,7382
먹골역입구,7383
먹골역입구,7384
묵2동주민센터,7385
묵2동주민센터,7386
금보당금은방,7387
금보당금은방,7388
신묵초등학교입구,7389
신묵초등학교중랑경찰서,7390
제일시장,7391
제일프라자,7392
신동신약국,7393
신동신약국,7394
중화역입구대원사약국,7395
중화역입구대원사입구,7396
태릉시장입구,7397
태릉프라자약국농협,7398
태릉시장입구굴다리,7399
우남푸르미아아파트,7401
우남푸르미아아파트,7402
신내초등학교,7403
신내초등학교,7404
경남아파트,7405
대명프라자,7406
건영아파트,7407
상봉1동주민센터,7408
상봉1동주민센터,7409
신내쌍용아파트,7410
신내쌍용아파트,7411
면목두산아파트2.3단지,7415
망우역,7417
중랑공영차고지.신내역,7418
서울특별시북부병원,7420
양원역,7421
성은교회앞,7422
해모로아파트앞,7424
먹골역,7425
먹골역,7426
중화2동체육공원,7427
태릉고등학교앞,7429
태릉고등학교.원묵초등학교,7430
태릉고등학교.원묵초등학교,7431
서울의료원후문,7432
서울의료원후문,7433
신내데시앙아파트후문,7434
신내데시앙아파트후문,7435
중화중학교삼거리,7436
새우개마을입구,7437
신내차량사업소입구,7438
용마산빌라,7439
신내역1번출구,7440
능말입구,7442
망우리역사문화공원,7443
망우리역사문화공원,7444
능말입구,7447
중랑경찰서후문,7448
신내데시앙아파트,7449
당너머,7450
당너머,7451
우디안아파트220동앞,7452
우디안아파트220동앞,7453
신내데시앙포레아파트정문앞,7454
새솔초등학교입구,7455
새솔초등학교,7456
중랑경찰서정문.우디안101동앞,7457
중랑경찰서정문.우디안101동앞,7458
신내우디안아파트107동앞,7459
신내우디안아파트107동앞,7460
신내10단지아파트,7461
중랑공영차고지삼거리,7462
우디안아파트114동앞,7463
우디안아파트114동앞,7464
중랑공영차고지.신내역,7550
사가정역,7554
월곡뉴타운,8001
월곡뉴타운,8002
길음뉴타운,8003
길음뉴타운,8004
미아리고개.미아리예술극장,8005
미아리고개.미아리예술극장,8006
돈암사거리.성신여대입구,8007
돈암사거리.성신여대입구,8008
삼선교.한성대학교,8009
삼선교.한성대학교,8010
숭곡초교입구,8101
창문여고,8102
동방주유소앞,8103
장위동그린빌아파트,8104
북서울꿈의숲,8105
장월초등학교,8106
국민대앞,8107
국민대앞,8108
국민대학교앞,8110
청덕초등학교,8111
청덕초교,8112
북악중학교,8113
고려대사범대학부속고등학교,8114
봉국사,8115
봉국사,8116
정릉2동주민센터,8117
정릉2동주민센터,8118
숭덕초교,8119
숭덕초교,8120
정릉길음시장,8121
정릉길음시장.길음뉴타운9단지,8122
돈암동삼성아파트입구,8123
길음역,8124
돈암1동주민센터,8125
돈암1동주민센터,8126
종암사거리,8127
KT월곡지사,8128
KT월곡지사,8129
종암SK아파트,8130
성북구보건소,8131
월곡역,8132
월곡역,8133
동덕여대앞,8134
한국과학기술연구원입구,8135
상월곡역,8136
월곡중학교,8137
월곡중학교,8138
새석관시장,8139
새석관시장,8140
돌곶이역,8141
돌곶이역,8142
장위동동원베네스트.온누리병원,8143
석관동주민센터,8144
석관동주민센터,8145
석계역굴다리앞,8146
석계역,8147
성가복지병원,8148
성가복지병원,8149
종암사거리입구,8150
종암사거리입구,8151
종암동주민센터,8152
종암동주민센터,8153
숭례초교,8154
숭례초등학교,8155
고대앞,8156
우신향병원,8157
안암오거리,8158
대광초교,8159
정릉북한산국립공원입구,8160
정릉산장아파트,8161
정릉대우아파트,8162
정릉4동주민센터.경국사,8163
정릉4동주민센터.경국사,8164
성북청수도서관.정릉4동성당,8165
성북청수도서관.정릉4동성당,8166
정릉시장입구,8167
정릉시장입구,8168
정릉우체국앞,8169
정릉우체국앞,8170
미아초교,8171
미아초교,8172
길음동동부아파트,8173
길음동동부아파트,8174
삼선동주민센터,8175
삼선동주민센터,8176
성북구청.성북경찰서,8177
성북구청.성북경찰서,8178
보문역,8179
보문역,8180
보문동성당,8181
보문동성당,8182
보문동주민센터,8183
보문동주민센터,8184
월계2교.참누리아파트,8185
월계2교,8186
광운초교앞,8187
광운초교,8188
장위3동주민센터,8189
장위3동주민센터,8190
장삼주유소,8191
장삼주유소,8192
장위사거리,8193
장위사거리,8194
석관중고등학교앞,8195
석관고등학교,8196
석관동코오롱아파트,8197
석관동코오롱아파트,8198
북서울꿈의숲,8199
북서울꿈의숲,8200
장곡초교앞,8201
장곡초교앞,8202
하나은행장위동지점,8203
하나은행장위동지점,8204
장위동원천주유소,8205
장위동원천주유소,8206
장위2동주민센터,8207
돌곶이역,8209
돌곶이역,8210
석관시장,8211
석관시장,8212
석관동새마을금고,8213
석관동새마을금고,8214
한국예술종합학교,8215
한국예술종합학교,8216
광운초교앞,8218
국민은행장위1동지점,8219
국민은행장위1동지점,8220
장위1동새마을금고,8221
장위1동새마을금고,8222
서울다원학교,8223
동방문화대학원대학교,8224
동방문화대학원대학교,8225
성북구립미술관.쌍다리앞,8226
성북구립미술관.쌍다리앞,8227
성북초교,8228
성북초교,8229
홍익대부속중고등학교입구,8230
홍익대부속중고등학교입구,8231
경신중고입구,8232
경신중고입구,8233
성북동주민센터.동구마케팅고,8234
성북동주민센터.동구마케팅고,8235
삼선교.성북문화원,8236
삼선교.성북문화원,8237
서울다원학교,8238
신종월교,8240
남대문중학교,8243
남대문중학교,8244
길음시장,8245
길음시장,8246
길음역,8247
길음역,8248
미아사거리,8249
서경로꿈마루도서관앞,8250
길원초등학교입구,8251
길원초등학교입구,8252
열매교회,8253
열매교회,8254
정릉동아.길음뉴타운데시앙아파트,8255
길음뉴타운데시앙.정릉동아아파트,8256
숭덕초교,8257
성북생태체험관,8258
정릉초교,8259
정릉동풍림상가앞,8260
정릉동풍림상가앞,8261
정릉동풍림아파트,8262
정릉입구,8263
정릉입구,8264
아리랑고개.아리랑시네미디어센터,8265
아리랑고개.아리랑시네미디어센터,8266
돈암2동주민센터입구.흥천사,8267
돈암2동주민센터입구.흥천사,8268
성신여대입구,8269
성신여대입구,8270
한국과학기술연구원입구,8271
대농빌라앞,8272
월곡샹그레빌아파트,8273
월곡샹그레빌아파트,8274
장위동고개,8275
장위동고개,8276
장위1동주민센터,8277
장위1동주민센터,8278
장위1동파출소,8279
장위1동파출소,8280
청소년문화누림센터,8281
청소년문화누림센터,8282
월곡1동주민센터,8283
월곡1동주민센터,8284
밤나무골시장,8285
월곡삼성래미안아파트,8286
월곡동두산아파트,8287
월곡동두산아파트,8288
생명의전화,8289
생명의전화,8290
장곡초교,8293
장곡초교,8294
보문역,8295
보문역,8296
안암동주민센터,8297
안암동주민센터,8298
고려대이공대,8299
고려대이공대,8300
안암전철역,8301
안암전철역,8302
안암오거리,8303
개운사입구,8304
돈암시장입구,8305
돈암시장입구,8306
성북구청,8307
보문2교,8309
성신여대후문,8311
용문중고교.안암초교,8314
돈암초교입구,8318
정릉3동주민센터앞,8320
정릉3동주민센터앞,8321
삼덕단지앞,8322
삼덕단지앞,8323
솔샘사거리,8324
솔샘사거리,8325
보문역3번출구,8326
성북우체국현대백화점,8327
정릉동풍림아파트,8328
현대백화점,8329
돈암동일신건영휴먼빌아파트,8330
석계역,8332
석계역,8333
월곡2SH빌아파트,8334
석관고등학교후문,8335
길음역,8336
청소년문화의집.정릉e편한세상,8338
상진운수종점,8341
상진운수종점,8342
대진여객차고지,8344
정릉북한산국립공원입구,8347
풍림아파트삼거리,8348
성북생태체험관,8349
정릉초교,8350
월곡중학교,8353
508단지삼거리,8355
산장빌라,8357
산장빌라,8358
성북참노인전문병원,8359
교수단지,8360
우방아파트,8361
다리앞.일신건영아파트후문,8364
현대홈타운,8365
돈암동일신건영휴먼빌아파트,8366
구민회관입구,8367
508단지입구,8368
스카이힐스,8369
508단지삼거리,8370
대일외고서경대정문,8371
서경대본관,8372
서경대본관,8373
미화약국.길음뉴타운8단지,8380
미화약국.길음뉴타운8단지,8381
서경로꿈마루도서관앞,8382
국민커뮤니티센터,8390
정릉연립,8391
국민대후문,8392
국민대후문,8393
고려대사범대학부속고등학교.후문,8394
고려대사범대학부속고등학교.후문,8395
월곡래미안루나밸리,8396
길음뉴타운10단지.라온유아파트,8400
숭곡초교후문,8401
월곡아남아파트,8402
월곡동신아파트,8403
돌곶이역8번출구,8404
한성대입구역,8405
서울사대부설중학교,8411
서울사대부설고등학교,8412
서경대정문앞,8800
수유3동우체국,9001
수유3동우체국,9002
수유역,9003
수유역.강북구청,9004
수유시장.성신여대미아캠퍼스앞,9005
수유시장.성신여대미아캠퍼스앞,9006
미아역.신일중고,9007
미아역.신일중고,9008
도봉세무서.성북시장,9009
도봉세무서.성북시장,9010
미아사거리역,9011
미아사거리역,9012
수유(강북구청)역,9013
우이동도선사입구,9102
우이동성원아파트,9103
우이동성원아파트,9104
진성빌라사거리,9105
서라벌중학교.우이동대우아파트,9106
덕성여대솔밭근린공원,9107
국립4.19민주묘지입구사거리,9108
국립4.19민주묘지입구사거리,9109
국립4.19민주묘지입구사거리,9110
국립4.19민주묘지입구사거리,9111
국립419묘지삼거리.윤극영가옥,9112
국립419묘지삼거리.윤극영가옥,9113
인수동백운교회입구,9114
인수동백운교회입구,9115
인수중학교,9116
인수중학교,9117
서울영어마을수유캠프국립재활원입구,9118
서울영어마을수유캠프국립재활원입구,9119
인수동장미원,9120
인수동장미원,9121
가오리수유종합사회복지관,9122
가오리수유종합사회복지관,9123
북부성모의원,9124
북부성모병원,9125
수유2동주민센터우이시장,9126
수유2동주민센터우이시장,9127
광산사거리,9128
광산사거리,9129
우이초등학교후문,9130
우이초등학교후문,9131
인수동청수탕입구,9132
인수동청수탕입구,9133
우이초등학교,9134
우이초등학교,9135
화계사입구.한신대학교대학원,9136
화계사입구.한신대학교대학원,9137
수유동삼양탕앞,9138
수유동삼양탕앞,9139
화계사입구사거리,9140
화계사입구사거리,9141
강북노인종합복지관,9142
강북노인종합복지관,9143
신일병원,9144
신일병원,9145
강북구청,9146
강북구청,9147
강북경찰서입구,9148
강북경찰서입구,9149
북부시장입구,9150
북부시장입구,9151
번동사거리,9152
번동사거리,9153
북부수도사업소,9154
북부수도사업소,9155
화계사입구,9156
화계사입구,9157
빨래골입구.수유1동주민센터,9158
빨래골입구.서울수유초등학교,9159
롯데마트삼양점.래미안1차아파트,9160
롯데마트삼양점.래미안1차아파트,9161
삼양초등학교,9162
삼양초등학교,9163
강북청소년문화정보도서관입구,9164
강북청소년문화정보도서관입구,9165
삼양동사거리,9166
삼양동사거리,9167
송천초등학교.미아뉴타운입구,9168
송천초등학교.미아뉴타운입구,9169
삼양동사거리,9170
삼양동사거리,9171
성암국제무역고등학교,9172
성암국제무역고등학교,9173
삼양동사거리입구,9174
삼양동사거리입구,9175
강북보건소,9176
신창교,9177
강북보건소,9179
번동주공4단지,9180
초안교,9181
번동주공3단지,9182
번동주공3단지,9183
번동주공1단지,9184
번동주공1단지,9185
오현초등학교,9186
북서울꿈의숲,9187
송중동한일유엔아이,9188
창문여고앞,9189
숭곡초등학교입구,9190
강북청소년수련관,9194
강북청소년수련관,9195
국립4.19민주묘지,9196
국립4.19민주묘지,9197
강북중학교,9198
한성운수차고지,9199
광산사거리,9200
광산사거리,9201
수유중앙시장,9203
대한병원,9205
삼성화재강북지점,9206
강북구청사거리,9207
강북구청사거리,9208
수송초등학교,9209
수송초등학교,9210
수유중학교혜화여고,9211
혜화여고,9212
서울정인학교,9213
우광타운,9214
구세군강북종합사회복지관입구,9215
구세군강북종합사회복지관입구,9216
솔샘중고등학교.팔팔·미송경로당,9217
솔샘중고등학교.팔팔·미송경로당,9218
동북프라자,9219
동북시장,9220
SK아파트입구,9221
SK아파트입구,9222
삼각산동SK아파트북한산시티미양초등학교,9223
삼양동벽산라이브파크미양초등학교,9224
SK아파트벽산아파트상가,9225
SK아파트벽산아파트상가,9226
솔샘터널,9227
번동주공아파트3단지4단지,9228
번동주공아파트3단지4단지,9229
번동초등학교,9230
번동한솔솔파크,9231
번동한솔솔파크,9232
번동해모로아파트,9233
번동해모로아파트,9234
강북문화정보센터,9235
강북문화정보센타,9236
동문굿모닝힐,9237
동문굿모닝힐,9238
북서울꿈의숲,9239
벼랑바위,9240
벼랑바위,9241
"경남아너스빌,꿈의숲해링턴아파트",9242
"경남아너스빌,꿈의숲해링턴아파트",9243
송중초등학교,9244
송중초등학교,9245
수유3동우체국,9246
수유3동우체국,9247
수유역.노스페이스문화센터,9248
수유역.강북구청,9249
미아역8번출구.신일중고,9253
미아사거리역,9260
미아사거리역,9261
한신대학교,9263
수유사거리,9266
수유사거리,9267
송중동주민센터앞,9269
송중동경남아너스빌정문,9270
북서울꿈의숲,9271
수유역.강북구청,9272
강북구보건소삼각산분소,9273
강북구보건소삼각산분소,9274
삼각산동삼각산아이원아파트후문,9275
삼각산동삼각산아이원아파트후문,9276
롯데백화점미아점,9277
우이동주민센터입구,9278
솔샘터널,9283
우이동도선사입구,9286
우이동차고지기점,9289
한성운수종점,9290
화계사입구.종점,9291
SK아파트벽산아파트상가,9293
우이동차고지종점,9294
삼각산동삼각산아이원아파트정문,9295
삼각산동삼각산아이원아파트정문,9298
삼각산고.래미안트리베라,9302
삼각산고.래미안트리베라,9303
방천시장입구,9304
화계사입구.한신대학교대학원,9305
미아사거리역.롯데백화점,9306
삼각산119안전센터,9307
삼각산119안전센터,9308
무량사입구,9310
무량사입구,9311
꿈의숲주차장입구,9312
수유중앙시장,9313
대한병원,9314
미아사거리역2번출구,9739
도봉산역,10001
도봉산역,10002
도봉한신아파트,10003
도봉한신아파트,10004
서울북부지방법원.검찰청.도봉역성황당,10005
서울북부지방법원.검찰청.도봉역성황당,10006
신도봉사거리,10007
신도봉사거리,10008
도봉소방서.방학남부역,10009
도봉소방서.방학남부역,10010
도봉보건소,10011
도봉보건소.북한산아이파크아파트,10012
도봉구민회관.도봉문화원,10013
도봉구민회관.도봉문화원,10014
쌍문역,10015
쌍문역,10016
우이1교앞,10017
우이1교앞,10018
신도봉시장.도봉구청.방학북부역,10019
신도봉시장.도봉구청.방학북부역,10020
도봉동한신아파트,10103
도봉동한신아파트,10104
녹천역,10105
서울북부지방법원.검찰청.도봉역성황당,10107
서울북부지방법원.검찰청.도봉역성황당,10108
도봉견인차량보관소,10109
도봉견인차량보관소,10110
방학역,10111
도봉소방서,10113
도봉소방서,10114
방학사거리·바로선병원,10115
방학사거리,10116
도봉보건소,10117
도봉보건소,10118
정의여중고앞,10119
정의여중고앞,10120
도봉구민회관.도봉문화원,10121
도봉구민회관.도봉문화원,10122
쌍문역,10126
우이1교앞,10127
서울북부지방법원.검찰청.성우아파트,10129
서울북부지방법원.검찰청.성우아파트,10130
법조타운공영주차장,10131
법조타운공영주차장,10132
도봉구청,10133
도봉구청,10134
방학1동대상타운현대삼성아파트,10135
방학1동대상타운현대삼성아파트,10136
창동쌍용아파트,10137
창동쌍용아파트,10138
자운고등학교앞,10139
자운고등학교앞,10140
창동동아청솔아파트,10141
창동동아청솔아파트,10142
창동농협물류센터,10143
창동농협물류센타,10144
창동농협물류센터,10145
창동역동측,10146
창동동아아파트,10147
창동동아아파트,10148
창동주공19단지,10149
창동주공19단지,10150
창동주공18단지,10151
창동주공18단지,10152
도봉산입구,10153
도봉고등학교,10154
김근태기념도서관.도봉고등학교,10155
도봉역,10156
도봉역,10157
노원교,10158
노원교,10159
성대야구장노원교앞,10160
천주교도봉동교회,10161
천주교도봉동교회,10162
오봉초등학교,10163
오봉초등학교,10164
방학2동공영주차장,10165
방학2동공영주차장,10166
방학2동주민센터,10167
방학2동주민센터,10168
신방학중학교앞,10172
방학동신우빌라,10173
방학동신우빌라,10174
방학동삼익세라믹,10175
방학동삼익세라믹,10176
쌍문동청구아파트,10177
쌍문동청구아파트,10178
샘말어린이공원,10179
원약국,10180
원약국,10181
신한은행방학동지점,10182
신한은행방학동지점,10183
연산군.정의공주묘,10184
연산군정의공주묘,10185
방학동신동아타워,10186
방학동신동아타워,10187
방학3동신동아프라자,10188
방학동신동아아파트,10189
방학동신동아아파트,10190
국민은행방학지점,10191
국민은행방학지점,10192
신한은행방학동지점,10193
신한은행방학동지점,10194
방학사거리,10195
방학사거리,10196
서울문화고등학교,10197
서울문화고등학교,10198
서울문화고등학교,10199
쌍문동청한빌라,10200
쌍문동청한빌라,10201
쌍문동우이빌라,10202
쌍문동우이빌라,10203
초당초등학교,10204
초당초등학교,10205
방학동우성아파트,10206
방학동우성.청구아파트,10207
방학3동신동아프라자,10208
방학3동주민센터,10209
쌍문동성원아파트,10210
쌍문동성원아파트,10211
쌍문동한양.현대아파트,10212
쌍문동현대.한양아파트,10213
쌍문동삼익금호1차아파트,10214
쌍문동금호1차삼익아파트,10215
도봉구보건소앞,10216
도봉구보건소앞,10217
북서울교회,10218
서라벌중학교.우이동대우아파트,10219
덕성여대입구,10221
쌍문초등학교,10222
쌍문초등학교,10223
숭미초등학교,10224
숭미초등학교,10225
창동주공1단지,10228
창동주공1단지아파트,10229
도봉등기소,10231
도봉등기소,10232
창4동주민센터,10235
창4동주민센터,10236
창동주공4단지,10241
창동주공4단지,10242
도봉문화정보도서관,10244
도봉문화정보도서관,10245
창림초교창동신창아파트앞,10246
창림초교창동신창아파트앞,10247
국립현대미술관 창동레지던시,10248
국립현대미술관 창동레지던시,10249
창동서울탁주앞,10250
창동서울탁주앞,10251
창2동주민센터.보건지소,10252
창2동주민센터.보건지소,10253
중앙약국,10256
중앙약국,10257
한신아파트101동앞,10258
KT도봉지점,10259
창동청구빌라,10260
창동청구빌라,10261
창림초등학교후문,10262
창림초등학교후문,10263
창동대우아파트,10264
창동역동측(도봉방면),10265
창동역동측(노원방면),10266
서울가든아파트앞,10269
창1동주민센터,10270
창1동주민센터,10271
창동주공3단지,10272
창동주공3단지,10273
세그루학원,10276
세그루학원,10277
창동주공17단지,10278
창동주공17단지,10279
창3동염광아트필,10280
창3동염광아트빌,10281
한승미메이드아파트,10282
한승미메이드아파트,10283
북서울농협창동지점,10284
북서울농협창동지점,10285
신화초교입구,10286
신화초교입구,10287
서울외국어고등학교,10292
서울외국어고등학교,10293
방학동도깨비시장입구,10294
거성학마을아파트,10295
도봉새마을금고본점,10296
창5동현대아파트,10297
창5동현대1차아파트,10298
창동아이파크,10299
창번교,10301
방학3동주민센터,10302
도봉동서광아파트,10303
정병원,10304
창동고등학교,10305
도깨비시장,10309
방학동도깨비시장,10310
태영데시앙아파트,10311
창번교앞,10312
금용아파트,10313
창번2교앞,10314
대우아파트104동,10315
도봉산입구,10317
샘말어린이공원,10320
안방학동,10321
동아운수앞,10325
창동.신창시장,10330
신창.창동시장,10331
안방학동,10333
안방학동,10334
창동농협물류센터,10335
태영데시앙아파트,10336
방학중학교,10337
도봉산역광역환승센터,10339
도봉산역광역환승센터,10340
도봉산역광역환승센터,10341
창동교,10411
창동교,10412
녹천교,10413
녹천교,10414
청구아파트,10564
창2동주민센터·보건지소,10587
거성학마을아파트,10617
창북중학교,10657
서원아파트,10735
서울문화고등학교,10740
청구아파트,10747
방학동극동아파트.방학동천주교성당,10806
방학중학교,10808
방학동도깨비시장입구,10997
공릉시장,11101
공릉시장,11102
태릉입구역4번출구,11103
태릉입구역3번출구,11104
태릉입구역,11105
태릉입구역,11106
공릉1동삼익아파트,11107
공릉초등학교,11108
대주아파트,11109
공릉1동경로당,11110
공릉대아2차아파트,11111
태릉사거리,11112
주양교회앞,11113
주유소앞다운복지관,11114
태릉사거리,11115
서울생활사박물관.농협앞,11116
태릉입구역7번출구.서울생활사박물관,11117
화랑대역1번출구,11118
공연초등학교,11119
공릉역,11120
서울과학기술대앞,11121
동신아파트,11122
현대성우아파트,11123
동부아파트,11124
한보아파트.삼익아파트,11125
삼익아파트.한보아파트,11126
원자력병원,11127
원자력병원입구,11128
안마을,11129
두산힐스빌아파트,11130
두산힐스빌아파트,11131
안마을,11132
공릉해링턴플레이스,11133
효성화운트빌원자력병원후문,11134
공릉우방아파트,11135
태릉해링턴플레이스아파트,11136
화랑타운아파트,11137
청솔아파트,11138
화랑대역2번출구,11139
공릉중학교입구,11140
공릉중학교입구,11141
육군사관학교정문,11142
육군사관학교정문,11143
서울여대.육군사관학교행정안내소,11144
서울여대.육군사관학교행정안내소,11145
태릉국제사격장,11146
태릉국제사격장,11147
태릉강릉,11148
태릉강릉,11149
태릉선수촌,11150
태릉선수촌,11151
한국체육과학연구원,11152
한국체육과학연구원,11153
삼육대앞,11154
삼육대앞,11155
담터고개,11156
원자력병원공릉동삼익2차아파트,11157
예수사랑교회,11158
서울과학기술대입구,11159
서울과학기술대입구,11160
공릉역1번출구,11161
공릉역4번출구,11162
공릉신도2차아파트,11163
공릉대동2차아파트,11164
공릉대동2차아파트,11165
노원문화원,11166
노원문화원,11167
용원초등학교,11168
용원초등학교,11169
공릉동.동신아파트앞,11170
공릉2단지,11171
서울과학기술대학교후문,11172
영화교회,11173
서울과학기술대학교후문,11174
공릉삼익아파트,11175
공연초등학교,11176
공릉역,11177
공릉1단지후문,11178
상계주공9단지,11180
노원고등학교,11181
임광아파트상가,11182
상계주공7단지,11183
대림아파트상가,11184
도봉면허시험장,11185
도봉면허시험장,11186
상계주공7단지,11187
상계주공7단지.광림교회앞,11188
상계10동우체국,11189
청원고등학교,11190
상계주공9단지,11191
온곡중학교노원정보도서관,11192
온곡중학교노원정보도서관,11193
두산아파트.도심공항수락터미널,11194
두산아파트.도심공항수락터미널,11195
수락산역3번출구,11196
수락산역,11197
노일초등학교,11198
노원초등학교,11199
상계현대2차아파트,11200
상계현대3차아파트,11201
노원마을,11202
노원마을,11203
수락중고등학교,11204
수락중고등학교,11205
은빛아파트2단지,11206
홍파복지원미주아파트,11207
상계초등학교,11208
상계초등학교,11209
노원역9번출구,11210
노원역1번출구,11211
롯데백화점노원점.노원역4번출구,11212
와우패션클럽,11213
중앙하이츠2차아파트,11214
상계중학교정문,11215
상계중학교,11216
코오롱아파트.양지대림아파트,11217
상계119안전센터,11218
상계119안전센터,11219
상계동주유소,11220
상계동주유소,11221
상계중앙시장입구,11222
상계중앙시장입구,11223
흥안운수종점,11224
흥안운수종점,11225
불암현대아파트,11226
동아불암아파트,11227
동아불암아파트,11228
상계시장,11229
불암대림아파트,11230
불암대림아파트,11231
흥안운수상계4동종점,11232
상계역,11233
상신교회,11234
상신교회,11235
계상초등학교,11236
상계5동주민센터,11237
상계한신2차아파트,11238
상계한신2차아파트,11239
상계벽산아파트,11240
상계2동주민센터,11242
벽산아파트103동,11243
상계주공3단지,11244
상계주공2단지,11245
상계주공1단지,11246
마들근린공원.노원에코센터,11247
마들근린공원.노원에코센터,11248
노원구청,11250
노원구청,11251
노원구청,11252
상계주공2단지223동,11253
상계주공2단지,11254
상계주공6단지,11255
상계주공4단지,11256
백병원,11257
상계6.7동주민센터,11260
상계중학교,11261
상계2동주민센터,11262
상경초등학교,11266
상계주공15단지,11267
상계주공11단지,11268
상계주공10단지,11269
노원고등학교,11270
상계주공10단지상가,11271
상계주공14단지,11272
상계주공12단지,11273
보람아파트1단지,11274
보람아파트2단지,11275
청원고등학교,11276
상계주공12단지1202동,11277
광운대역,11278
광운대역,11279
월계현대아파트,11280
월계현대아파트,11281
물류센터,11282
석계역1번출구.A,11283
석계역2번출구,11284
광운대학교,11285
월계삼거리,11286
청백아파트1단지,11291
대우아파트,11292
청백아파트3단지4단지,11293
청백아파트3단지4단지,11294
초안아파트.흥화브라운빌아파트,11295
초안아파트.흥화브라운빌아파트,11296
쌍용스윗닷홈아파트,11297
신창중학교후문,11298
신창중학교후문,11299
염광고등학교,11300
염광고등학교,11301
월계주공1단지상가,11302
월계공단,11303
월계종합사회복지관,11304
월계종합사회복지관,11305
월계주공2단지,11306
월계주공1단지,11307
인덕대학교,11308
인덕대학교,11309
월계주공108동앞롯데캐슬루나아파트,11310
인덕대학,11311
한진한화그랑빌아파트,11312
한진한화그랑빌아파트,11313
한천초등학교,11314
한천초등학교,11315
월계미성아파트,11317
월계미륭아파트,11318
월계미륭아파트,11319
월계삼호아파트,11320
월계삼호아파트,11321
월계삼호4차아파트,11322
월계삼호4차아파트,11323
녹천초등학교월계이마트,11324
녹천초등학교월계이마트,11325
월계사슴아파트2단지,11326
월계사슴아파트3단지,11327
월계역,11328
월계역,11329
대우아파트,11330
인덕삼거리,11331
신도브래뉴.한전노원변전소,11332
"광운중, 광운인공지능고등학교",11333
"광운중, 광운인공지능고등학교",11334
광운대학교,11335
월계삼거리,11336
롯데캐슬루나아파트,11337
인덕대앞,11338
월계보건지소,11339
월계보건지소,11340
교육촌.벼루말,11341
장석교회,11343
쌍용스윗닷홈아파트,11344
인덕삼거리,11345
신도브래뉴.한전노원변전소,11346
상명고등학교.성원아파트,11347
중계1동주민센터,11348
은행사거리,11349
양지근린공원,11350
서라벌고등학교,11351
불암중학교,11352
불암중학교,11353
중계주공10단지,11354
롯데우성아파트,11355
중계구민체육센터,11356
중계구민체육센터,11357
노원구민체육센터,11358
을지중학교,11359
을지중학교,11360
청암중.고등학교,11361
중계주공5단지514동,11364
원광초등학교,11365
중계역,11366
노원구민의전당,11367
건영옴니백화점,11368
브라운스톤중계.우리은행앞,11369
서울아이티고등학교,11370
서울아이티고등학교,11371
어린이교통공원,11372
중계역,11373
서울시립북서울미술관,11374
중계건영2차아파트,11375
중계역2번출구,11376
상명초등학교,11377
중계3단지목련아파트,11378
상명고등학교,11379
중계시영3단지상가,11380
중계시영4단지,11381
용동초등학교,11382
용동초등학교,11383
2001아울렛중계점,11384
2001아울렛중계점,11385
홈플러스중계점,11386
노원평생학습관,11387
대진여자고등학교,11388
청계초등학교,11389
중계역1번출구,11390
상계역,11391
상계역,11392
상계역,11393
중계주공3단지,11394
중계주공2단지,11395
중계주공4단지,11396
중계주공4단지,11397
중계1동주민센터,11398
신한은행중계본동지점,11399
기업은행중계동지점,11400
공릉신도2차아파트,11401
노원문화예술회관.불암초등학교,11402
노원문화예술회관.불암초등학교,11403
영신여자고등학교입구,11404
불암고등학교,11405
중계본동주민센타,11406
노원우체국,11407
노원우체국,11408
중계본동종점,11409
중계주공7단지,11410
중계주공6단지상가,11411
대림벽산아파트,11412
중계주공6단지,11413
은행사거리,11414
대림벽산아파트,11415
하계역,11416
하계미성아파트,11417
서울과학기술대앞,11418
중계주공9단지후문,11419
중계주공9단지후문,11420
삼익선경아파트후문,11421
한신동성아파트,11422
삼익선경아파트,11423
"대진고등학교,하계우방아파트",11424
하계미성아파트.을지병원,11425
하계역,11426
한성여객종점,11428
한성여객종점,11429
상계중앙하이츠2단지,11430
북부여성발전센터앞,11431
그린아파트101동앞,11432
대진고등학교,11433
골마을근린공원,11434
세이브존스포츠센터,11435
하계1동주민센터,11436
노원경찰서.혜성여고,11437
노원경찰서,11438
동천학교,11439
동천학교,11440
서라벌고등학교,11441
하계현대아파트,11442
홈플러스중계점,11443
하계한신청구아파트,11444
경기기계공업고등학교,11445
한천중학교,11446
하계역,11447
하계장미아파트,11448
하계2동주민센타,11449
하계2동주민센타,11450
중평초등학교,11451
하계극동아파트,11452
하계시영아파트,11453
하계우성아파트,11454
하계장미아파트,11455
중평초등학교,11456
석계역1번출구,11457
중계1동신안아파트,11458
하계5단지아파트,11459
그린아파트101동앞,11460
북부여성발전센터앞,11461
당현초등학교,11462
상계주공2단지상가,11463
월계미성아파트,11464
벼루말교,11465
청구빌라.연촌초등학교,11466
청구빌라.연촌초등학교,11467
벼루말교,11468
하계1치안센타,11469
하계1치안센타,11470
월계중학교,11474
염광중학교후문,11475
물류센타,11476
월계역신도브래뉴아파트앞,11477
태릉입구,11478
석계역2번출구,11479
석계역1번출구.B,11481
삼화상운차고지,11482
월계동진아교통,11485
월계동진아교통,11486
중계본동종점,11487
한성여객종점,11489
한진한화그랑빌아파트,11490
흥안운수상계4동종점,11491
삼화상운,11493
유원극동아파트,11499
유원극동아파트,11500
월계미륭아파트,11501
7단지영업소,11502
수락리버시티3.4단지,11503
7단지영업소,11504
모범사무실,11505
월계주공1단지아파트앞,11506
불암산스포츠타운,11507
중계본동종점,11508
불암산스포츠타운,11509
노원구청앞,11563
상계6동우체국,11590
노원역5번출구,11596
KT전화국,11601
당고개역,11664
청솔7단지앞,11801
해병전우회,11803
마들역,11829
마들역,11830
노원역8번출구,11931
당고개역,11990
동막골유원지,11992
동막골유원지,11997
덕은교.은평차고지앞,12001
덕은교.은평차고지앞,12002
수색교,12003
수색교,12004
수색역앞,12005
수색역앞,12006
디지털미디어시티역,12007
디지털미디어시티역,12008
은평뉴타운10단지,12009
은평뉴타운10단지,12010
구파발역입구,12011
구파발역입구,12012
박석고개.신도고등학교,12013
박석고개.신도고등학교,12014
세명컴퓨터고등학교,12015
세명컴퓨터고등학교,12016
연신내역.연서시장,12017
연신내역.연서시장,12018
동명여고.천주교불광동성당,12019
동명여고.천주교불광동성당,12020
불광역3.6호선,12021
불광역3.6호선,12022
불광역3호선.서울혁신파크,12023
불광역3호선.서울혁신파크,12024
한전서대문은평.북한산푸르지오,12025
한전서대문은평.북한산푸르지오,12026
녹번역,12027
녹번역,12028
불광역1번출구,12103
불광역3.6호선,12104
동명여고,12105
연신내역,12106
선일하이츠빌라,12107
세명컴퓨터고등학교,12109
구파발역2번출구,12111
박석고개,12117
신한은행갈현지점,12118
연신내역,12119
동명여고,12120
불광역3.6호선,12121
불광역4번출구,12122
녹번역,12125
은평구청,12126
서대문세무서별관,12127
서부병원,12128
신진자동차고등학교.이마트.은평점,12129
응암역신사오거리,12130
응암역신사오거리,12131
신진자동차고등학교.이마트.은평점,12132
서부병원,12133
서대문세무서별관,12134
은평구청,12135
녹번초등학교.서대문세무서별관,12137
역촌역.역촌오거리,12138
삼성타운,12139
구산역1번출구.예일여고,12140
역촌중앙시장,12141
구산사거리,12142
선진운수종점,12143
선정중고등학교,12144
"서울경찰청86,87기동대.우남아파트",12145
"서울경찰청86,87기동대.우남아파트",12146
선정중고등학교,12147
선진운수종점,12148
구산사거리,12149
역촌중앙시장,12150
구산역2번출구.예일여고,12151
하나은행역촌동지점,12152
"역촌역,역촌오거리",12153
녹번초등학교.서대문세무서별관,12154
응암초등학교,12155
은평문화예술정보학교,12156
응암오거리,12157
신사초등학교,12158
신사동고개 사거리,12159
신사동고개 사거리,12160
신사초등학교,12161
응암오거리,12162
은평문화예술정보학교,12163
응암초등학교,12164
대림시장,12165
대림시장,12166
응암역.신사오거리,12167
신흥시장,12168
새절역.숭실고입구,12169
와산교,12170
증산중학교입구,12172
증산중학교입구,12173
증산역.증산동주민센터,12174
와산교,12175
새절역.숭실고입구,12176
신흥시장,12177
응암역.신사오거리,12178
역촌초등학교,12179
역촌상가,12180
구산역2번출구.예일여고,12181
구산역1번출구,12182
대조동주민센터,12183
연신내역.로데오거리,12184
연서시장,12185
종로약국,12186
불광지구대,12187
북한산대창센시티아파트,12188
은평경찰서,12189
폭포동,12190
신도중학교,12192
은평노인종합복지관.신도중학교,12195
폭포동.은평노인종합복지관,12197
은평경찰서,12198
연신초등학교,12199
불광지구대,12200
새장골유래비,12201
연서시장,12202
연신내역.로데오거리,12203
은평연세병원,12204
구산역4번출구,12205
구산역3번출구.예일여고,12206
역촌상가,12207
역촌초등학교,12208
응암역2번출구,12209
신사동고개.은평지역자활센터,12210
서울기독대학교입구,12211
시립서북병원세현교회앞,12212
구산중학교.구산교회,12213
구산동주민센터.구산치안센터,12214
구산동주민센터.구산치안센터,12215
구산중학교.구산교회,12216
시립서북병원세현교회앞,12217
서울기독대학교입구,12218
우남교통,12219
신사동고개.은평지역자활센터,12220
갈현1동주민센터,12221
한일탕,12222
한일탕,12223
갈현1동주민센터,12224
진관초교입구,12227
푸르지오625동앞.관음사입구,12229
삼천리골입구56사단북한산부대,12230
백화사,12231
흥국사,12232
북한산성입구,12233
북한산성입구,12234
흥국사,12235
백화사,12236
삼천리골입구56사단북한산부대,12237
진관초교관음사입구,12238
푸르지오618동앞.관음사입구,12239
진관중고교약수사입구,12240
응암2동주민센터,12241
응암2동주민센터,12242
이마트.은평점,12243
서부경찰서후문,12244
해주드림빌APT,12245
역촌역.역촌오거리,12246
대조시장앞,12247
양광교회앞,12248
불광역.불광1동주민센터,12249
독박골.북한산래미안APT앞,12250
구기터널입구,12251
구기터널입구,12252
독박골.북한산래미안APT,12253
불광역.불광1동주민센터,12254
양광교회,12255
대조시장,12256
역촌오거리,12257
역촌역1번출구,12258
서부경찰서후문,12259
이마트.은평점,12260
응암1동주민센터,12261
영락중학교입구,12262
시립은평병원,12263
백련산힐스테이트2차,12264
충암고교앞.대주피오레아파트,12265
충암고교앞.대주피오레아파트,12266
백련산힐스테이트2차,12267
시립은평병원,12268
영락중학교입구,12269
응암1동주민센터,12270
한솔아파트입구선정중학교후문,12271
갈현동미미아파트,12272
선일여고입구,12273
선진운수종점,12274
선진운수종점,12275
선일여고입구,12276
갈현동미미아파트,12277
한솔아파트입구선정중학교후문,12278
불광역9번출구.불광초등학교,12279
불광대호아파트,12280
불광1동공동주차장앞,12281
불광1치안센터.독바위역,12282
수리초등학교입구,12283
북한산수자인아파트,12284
불광중학교,12285
북한산대창센시티아파트,12286
북한산대창센시티아파트,12287
불광중학교,12288
북한산수자인아파트,12289
수리초등학교입구,12290
불광1치안센터.독바위역,12291
불광1동공동주차장앞,12292
불광대호아파트,12293
불광초등학교,12294
신사동고개 사거리,12295
백련산SK뷰아이파크아파트,12296
서부경찰서,12303
신진자동차고등학교,12304
응암시장,12305
서서울농협본점,12307
신진자동차고등학교,12308
서부경찰서,12309
디지털미디어시티역,12310
수색역,12311
덕은교.은평차고지앞,12314
덕은교.은평차고지앞,12315
수색교,12316
수색소방파출소,12317
수색역,12318
디지털미디어시티역,12319
수색동주민센터,12320
e편한세상수색에코포레,12321
은평터널앞,12322
e편한세상수색에코포레,12323
수색동주민센터,12324
새마을금고앞,12329
새마을금고앞,12330
미성아파트앞,12331
미성아파트앞,12332
상신중학교앞,12333
상신중학교앞,12334
숭실고입구,12335
현대아파트앞,12336
현대아파트앞,12337
신사사거리,12338
신사사거리,12339
동명여고후문,12340
동명탕앞,12341
하나은행역촌동지점,12343
충북슈퍼앞,12345
역촌상가앞,12347
제각말5단지.은평뉴타운도서관,12350
제각말5단지.은평뉴타운도서관,12351
연신초등학교,12361
증산역.증산동주민센터,12364
연신초등학교.연신내성당,12365
신사동고개,12366
시립서북병원,12367
신사동고개,12368
녹번역,12381
시립서북병원,12388
구산동사거리,12390
구산동사거리,12391
역촌동성당,12393
역촌동성당,12394
주유소앞,12406
은평권역공영차고지,12409
응암정보도서관,12415
응암정보도서관,12416
서울중앙교회앞,12417
우성공인중개사,12418
응암오거리,12419
갈현노인복지센터,12420
녹번동대림JR아파트앞,12421
연서중학교입구,12422
연서중학교입구,12423
지축교앞,12424
지축교앞,12425
진관중고교약수사입구,12426
응암3동주민센터,12427
롯데캐슬823동앞,12429
진관중고교앞,12430
아이파크701동앞,12431
푸르지오621동앞,12432
진관초교앞,12433
생태공원앞,12434
진관중고교앞,12435
래미안909동앞,12436
하나고.삼천사.진관사입구,12437
응암3동주민센터,12439
입곡삼거리,12440
입곡삼거리,12441
아이파크709동앞,12442
은진초교입구.은뜨락도서관,12445
은진초교입구.은뜨락도서관,12446
은평구민체육센터앞,12447
은평구민체육센터앞,12448
신도초-중교입구,12449
신도초-중교입구,12450
아이파크714동앞,12453
푸르지오604동앞,12455
푸르지오614동앞,12456
아이파크708동앞,12457
"진관동주민센터,은평우체국",12458
"진관동주민센터,은평우체국",12459
동부센트레빌324동앞,12460
두산위브253동앞,12461
동부센트레빌320동앞,12462
신도초교.은평메디텍고등학교,12463
하나고.삼천사.진관사입구,12464
두산위브205동앞,12465
래미안922동앞,12466
롯데캐슬820동앞,12467
진관공영차고지,12469
진관공영차고지,12470
기자촌11단지앞,12471
수국사입구,12472
백련산힐스테이트3차,12473
신도초교.은평메디텍고등학교,12474
응암초교.백련산힐스테이트 3차,12475
녹번역센트레빌아파트,12476
녹번역센트레빌아파트,12477
선진운수종점,12478
기자촌사거리,12479
갈현중앙시장,12480
갈현중앙시장,12481
녹번전철역,12560
농수산할인마트,12867
북가좌동삼거리,13001
북가좌동삼거리,13002
DMC래미안e.편한세상요진아파트,13003
DMC래미안e.편한세상요진아파트,13004
모래내시장.가좌역,13005
모래내시장.가좌역,13006
사천교,13007
연희104고지앞.구성산회관,13008
연희104고지앞.구성산회관,13009
서대문우체국,13010
서대문우체국,13011
연세대앞,13012
연세대앞,13013
세브란스병원앞,13014
세브란스병원앞,13015
이대후문,13016
이대후문,13017
동교동삼거리,13019
신촌오거리.현대백화점,13021
신촌오거리.2호선신촌역,13023
이대역,13025
산골고개,13026
산골고개,13027
홍제역.서대문세무서,13028
홍제역.서대문세무서,13029
홍제삼거리.인왕산한신휴플러스,13030
무악재역,13031
무악재역,13032
안산초등학교,13033
독립문역.한성과학고,13034
독립문역.한성과학고,13035
영천시장,13036
영천시장,13037
서대문역,13038
경찰청.동북아역사재단,13039
인왕산.홍제원아파트,13040
웨딩타운,13042
아현역,13044
충정로역,13045
충정로역,13046
서대문역사거리,13047
모래내시장.가좌역,13107
사천교,13109
연희104고지앞.구성산회관,13110
연희104고지앞.구성산회관,13111
서대문우체국,13112
서대문우체국,13113
연세대학교앞,13114
연대앞,13115
세브란스병원,13116
세브란스병원,13117
이대부중,13118
이대부중,13119
이대부고,13120
이대부고,13121
홍은동동부센트레빌,13122
산골고개,13123
홍은사거리,13124
홍제우체국,13125
영천시장,13133
금화초등학교.서울시교육청,13134
충정로역2호선,13137
이대역,13140
신촌기차역입구,13141
신촌역2호선,13142
신촌아트레온,13143
동교동삼거리연희동방면,13144
연세로.명물거리,13145
연세로.스타광장,13146
연희동대우아파트,13147
연희교차로,13148
연희교차로,13149
연희3거리,13150
연희3거리,13151
한성화교중고교,13152
한성화교중고교,13153
서대문자연사박물관입구,13154
서대문자연사박물관입구,13155
서대문구청·보건소·구의회,13156
서대문구청·서대문구의회,13157
동신병원,13158
서대문구 보건소 별관,13159
정원여중,13160
정원여중,13161
홍은현대아파트,13162
홍은현대아파트,13163
유진상가,13164
유진상가,13165
문화촌현대아파트,13166
문화촌현대아파트,13167
서울여자간호대학교.홍은초등학교,13168
서울여자간호대학교.홍은초등학교,13169
유원하나아파트,13170
유원하나아파트,13171
홍지문.옥천암,13172
홍지문,13173
북가좌2동주민센터,13174
북가좌2동주민센터,13175
KT가좌지사,13176
KT가좌지사,13177
동도하이츠아파트,13178
동도하이츠아파트,13179
DMC.파크뷰자이,13180
삼성래미안2차아파트,13181
모래내삼거리,13182
DMC래미안e.편한세상2.4단지,13183
모래내우체국.증가교회,13184
북가좌삼호·DMC아이파크아파트,13185
북가좌삼호·DMC아이파크아파트,13186
dmc센트레빌,13188
DMC파크뷰자이.별동상가,13189
래미안루센티아·DMC쌍용,13190
명지대사거리,13191
명지대사거리,13192
명지대사거리연가초교입구,13193
명지대,13194
명지대,13195
명지대삼거리,13196
명지대삼거리,13197
고은초등학교앞,13198
신연중학교서대문도서관,13199
백련교,13200
서대문문화체육회관입구,13201
홍연2교두산아파트앞,13202
홍남교,13203
연가교,13204
홍남교홍연아파트앞,13205
홍연시장,13206
연희홍연아파트,13207
서대문구청,13208
남가좌현대아파트,13209
신촌기차역,13210
신촌기차역,13211
증산교앞,13212
연희지하차도,13213
연희지하차도,13214
홍연2교현대교통종점,13215
홍연2교현대교통종점,13216
명지대입구.서울무용센터,13217
명지중고등학교,13218
명지중고등학교,13219
명지전문대.충암중고등학교,13220
명지전문대.충암중고등학교,13221
연희동자치회관,13222
연희동자치회관,13223
서대문구보훈회관,13224
서대문구보훈회관,13225
홍남교.서대문두바퀴환경센터,13226
홍남교.서대문두바퀴환경센터,13227
백련시장,13228
백련시장,13229
명지대사거리.우리은행,13230
명지대사거리국민은행앞,13231
연가초교.DMC래미안클라시스,13232
연가초.연희중.래미안클라시스,13233
북가좌사거리,13234
북가좌사거리,13235
북가좌소방파출소,13236
북가좌소방파출소,13237
충정로역5호선,13238
미동초등학교,13240
북가좌한양아파트앞,13241
북가좌초교·DMC현대아파트,13242
독립문역,13250
서대문경찰서,13252
충정로역2호선,13253
연가교,13256
명지대입구.신원지벤스타,13258
현대백화점,13259
서대문종합사회복지관,13260
서대문종합사회복지관,13261
홍남교백련시장입구,13262
북가좌초교사거리,13263
북가좌초교사거리,13264
은가어린이공원구150번종점,13265
증산교앞,13266
DMC두산위브아파트,13267
DMC두산위브아파트,13268
독립문공원.극동아파트,13270
봉원동사거리,13278
봉원사,13279
봉원사,13280
봉원동사거리,13281
삼호아파트,13282
서부운수기점,13285
중소기업은행,13299
봉원사길,13313
봉원사길,13314
연세로.문학의거리,13324
독립문공원,13325
독립문공원,13326
남가좌동현대아파트후문,13327
남가좌동현대아파트후문,13328
산골고개,13329
DMC래미안e-편한세상3단지,13330
DMC래미안e-편한세상3단지,13331
연흥교회,13332
홍제역4번출구,13334
남가좌동새마을금고,13335
국립대한민국 임시정부기념관,13336
독립문파크빌,13337
두산아파트,13338
DMC.파크뷰자이,13339
아현가구단지,13340
서대문문화체육회관,13626
아트레온,13724
연희초등학교,13731
연희초등학교,13749
충정로역,13766
마포역,14001
마포역,14002
공덕역,14003
공덕역,14004
아현동주민센터,14005
아현동주민센터,14006
마포경찰서,14007
마포경찰서,14008
아현초등학교,14009
아현초등학교,14010
합정역,14011
합정역,14012
서교동예식장타운,14013
서교동예식장타운,14014
홍대입구역,14015
홍대입구역,14016
동교동삼거리,14061
이대역,14064
아현역,14068
아현동가구단지,14100
마포구청.성산자동차검사소,14101
마포구청.마포장애인복지관,14102
마포농수산물시장.월드컵공원,14103
월드컵경기장남측.월드컵공원,14104
월드컵경기장서측,14105
월드컵경기장서측,14106
월드컵파크3단지.난지천공원,14107
월드컵파크3단지.난지천공원,14108
서부면허시험장,14109
서부면허시험장,14110
DMC첨단산업센터,14111
DMC첨단산업센터,14112
월드컵공원입구,14115
월드컵파크3단지정문,14116
월드컵파크2단지.에스플렉스센터,14117
월드컵파크2단지.에스플렉스센터,14118
합정역,14119
합정역,14120
서울화력발전소입구,14121
서울화력발전소입구,14122
상수역,14123
상수역,14124
서강초등학교,14125
서강초등학교,14126
광흥창역,14127
광흥창역,14128
광흥창역,14129
마포세무서,14130
중앙잔디광장,14131
마포역,14132
노을공원입구(난지미술창작스튜디오),14133
공덕역10번출구,14134
공덕역10번출구,14135
난지천공원다목적구장,14136
난지천공원,14137
월드컵경기장역,14138
마포구청.농수산물시장,14139
난지천공원다목적구장,14140
공덕역.공덕시장,14141
공덕시장,14142
신덕성결교회,14143
신덕성결교회,14144
한겨레신문사,14145
한겨레신문사,14146
노을공원입구(난지미술창작스튜디오),14147
난지한강공원(야구장),14148
공덕오거리,14149
공덕오거리,14150
용마루고개.신공덕삼성아파트,14151
서울대동창회관,14152
공덕역,14153
도화동현대아파트,14154
도화동현대아파트,14155
중동초등학교,14156
중동초등학교,14157
성산2동주민센타,14158
성산2동주민센타,14159
성산119안전센터,14160
성산119안전센터,14161
성산아파트,14162
성산아파트,14163
DMC상암센트럴파크,14164
DMC상암센트럴파크,14165
상암초등학교,14166
상암초등학교,14167
신촌로터리,14168
신촌로터리,14169
서강대학교,14170
서강대학교,14171
광성중고등학교,14172
광성중고등학교,14173
대흥역,14174
대흥역,14175
용강초등학교,14176
동도중학교.서울디자인고등학교,14177
동도중학교.서울디자인고등학교,14178
공덕역2번출구,14179
공덕역1번출구,14180
서서울농협홍대역점,14181
동교로사거리,14182
성산동,14184
성산2교,14185
성산2교,14186
성미약수터,14187
성미약수터,14188
경성중고.홍대부속여중고입구,14189
경성중고.홍대부속여중고입구,14190
경성중고.홍대부속여중고입구,14191
서울도시가스마포사옥,14192
서울도시가스마포사옥,14193
마포구청역,14194
마포구청역,14195
성서중학교.(구)마포구청,14196
성서중학교.(구)마포구청,14197
성산2교,14198
성산2교,14199
광흥창역.서강동주민센터,14200
광흥창역.서강동주민센터,14201
창전현대홈타운,14202
창전현대홈타운,14203
신촌로터리,14204
신촌로터리,14205
이대역 6번출구,14207
이화여대입구,14208
이대역 5번출구,14209
대흥교회,14210
대흥교회,14211
서강대학교후문,14212
마포자이2차아파트,14213
굴레방다리.아현역,14215
양화진성지공원입구,14216
홍대입구,14217
홀트아동복지회,14218
합정역,14219
합정역,14220
홍대입구역,14224
홍대입구역,14225
연남동,14226
신촌역,14228
극동방송,14230
극동방송,14231
홍익대학교,14232
홍익대학교,14233
산울림소극장,14234
산울림소극장,14235
신수중학교,14236
신수중학교,14237
신수동주민센터,14238
한국출판콘텐츠센터,14239
용강동주민센터,14240
용강동주민센터,14241
용강동입구,14242
합정역,14244
합정역,14245
성산초등학교입구,14246
성산초등학교입구,14247
기업은행서교동지점(최규하대통령가옥),14248
기업은행서교동지점(최규하대통령가옥),14249
망원시장.망원동월드컵시장입구,14250
망원시장.망원동월드컵시장입구,14251
마포구청역입구,14252
마포구청역입구,14253
성서초등학교,14254
성서초등학교,14255
새서울의원,14256
미원아파트입구,14257
미원아파트입구,14258
망원2동주민센터,14259
망원2동주민센터,14260
영풍가든,14261
영풍가든,14262
망원정입구,14263
성산초등학교,14264
서서울농협,14265
서서울농협,14266
망원1동주민센터,14267
망원1동주민센터,14268
동교초등학교,14269
동교초등학교,14270
월드컵파크7단지,14271
월드컵파크7단지,14272
월드컵경기장북측,14273
월드컵경기장북측,14274
경성중고.홍대부속여중고입구,14275
삼진제약,14283
서교호텔,14284
상암DMC홍보관.YTN,14286
상암DMC홍보관.YTN,14287
월드컵파크5단지.상암중고등학교입구,14288
월드컵파크5단지,14289
구룡근린공원,14290
상암고등학교,14291
월드컵파크3단지후문,14292
마포아트센터,14293
디지털미디어시티역2번출구,14296
누리꿈스퀘어.MBC,14307
월드메르디앙아파트,14308
월드메르디앙아파트,14309
한강밤섬자이아파트,14310
한강밤섬자이아파트,14311
서강해모로아파트,14312
서강해모로아파트,14313
서교동주민센터.마포신문사,14314
월드컵경기장북측,14316
강변한신코아,14317
난지한강공원,14330
난지한강공원,14331
난지천공원주차장입구,14332
디지털미디어시티역,14333
월드컵파크10.11.12단지,14334
월드컵파크9단지,14335
용마루고개.브라운스톤공덕아파트,14336
하늘초등학교,14337
월드컵파크10단지,14338
월드컵파크11.12단지,14339
수색교,14340
수색교,14341
가좌역,14343
디지털미디어시티역,14344
청구아파트.참누리아파트,14346
청구아파트.참누리아파트,14347
중동현대아파트,14348
중동현대아파트,14349
성산자동차학원,14350
성산자동차학원,14351
월드컵아이파크,14352
월드컵아이파크,14353
DMC첨단산업센터,14354
DMC첨단산업센터,14355
SBS.YTN,14356
SBS.YTN,14357
공항철도디지털미디어시티역,14358
공항철도디지털미디어시티역,14359
디지털미디어시티역,14360
상암동주민센터앞,14361
MBC,14362
MBC,14363
신촌한의원,14591
신석초등학교,14593
마포전철역,14712
성지빌딩,14745
신석초등학교,14855
삼진제약,14982
홍익병원목동관,15101
금호어울림.대원칸타빌아파트,15102
목동3단지,15103
영도초등학교,15104
신목중학교.목동2단지후문,15105
목동2단지,15106
목동3단지,15107
목동4단지.목동종합운동장,15108
목동3.4단지사잇길,15109
목동사거리,15111
영도중.강서고입구.기아양서대리점,15112
목동시장.대일고교.배광교회,15113
신목중학교,15114
목동3단지,15115
금호어울림.대원칸타빌아파트,15116
신목동역2번출구,15117
신목동역1번출구,15118
경서농협,15119
목동성원아파트,15126
목3동주민센터.현대아이파크.실로암안과,15127
등촌역6번출구.목동깨비시장,15128
월촌초등학교,15140
월촌초등학교,15141
목원초등학교.서울지방식품의약품안전청,15142
용왕산,15143
신목동역,15144
목동한신청구아파트,15145
목동한신청구아파트,15146
목동1.2단지사잇길,15147
월촌중학교,15148
목동YMCA,15149
목동YMCA,15150
목동5단지C상가.목동운동장북문,15151
파리공원,15152
목동5단지B상가.목5동주민센터,15153
목동이대병원.목동6단지앞,15154
목동아파트601동앞.이대병원,15155
목동아파트5.6단지사잇길,15156
오목교역,15157
양정고등학교,15158
목1동주민센터,15159
목동역.홍익병원,15160
CBS방송국,15161
목운초등학교.목운중학교,15162
목동7단지,15163
목운초등학교.목운중학교,15164
목동운동장남문.야구장.아이스링크,15165
목동역.목동7단지,15166
목동대학학원,15167
오목교역.동신한방병원,15168
갈산초등학교정문,15169
오목교역.청학스포츠타운,15170
새마을금고,15171
신정2동주민센터,15172
오목교역.동신한방병원,15173
신목초등학교입구,15174
목동14단지상가,15175
현대아파트정문,15176
현대아파트정문,15177
삼성아파트정문,15178
삼성아파트후문,15179
현대아파트후문,15180
목동14단지C상가앞,15181
목일중학교,15182
목동13단지,15183
목동14단지,15184
신트리공원,15185
목동12.13단지사잇길,15186
목동12.13단지사잇길,15187
신목초등학교입구,15188
목동14단지관리사무소앞,15189
목동14단지관리사무소앞,15191
양천구청역,15192
양천공원,15193
양천구청,15194
양천구민체육센타,15195
목동12단지,15196
갈산초등학교정문,15197
갈산초등학교후문,15198
갈산초등학교후문,15199
은정초등학교,15200
은정초등학교,15201
목동우성아파트,15202
목동우성아파트,15203
양천아파트,15204
봉영여중.목동고,15205
봉영여중.목동고,15206
봉영여중.목동고,15207
양천노인종합복지관,15208
양천구청역,15209
양천아파트,15210
신정사거리,15211
신정네거리역,15212
동방아파트,15213
동방아파트.신월종합사회복지관,15214
신곡시장,15215
신곡시장,15216
신한은행신월동지점,15217
신한은행신월동지점,15218
양강중학교,15219
신월2동주민센터입구,15220
강서초등학교,15221
한빛종합사회복지관,15222
신월동남부주유소,15223
신월2동우체국,15224
신트리사거리,15225
신트리아파트,15226
정랑고개.양천벤처타운,15227
신정학마을아파트,15228
양천고등학교,15229
계남초등학교,15230
고척2동치안센타,15231
신정1동주민센터,15232
양명초교.신서중,15233
신트리공원.목동아파트11단지,15234
목동10단지상가,15235
양천문화회관,15236
목동13단지,15238
목동13단지,15239
신정1동우체국,15242
우리은행신정동지점,15247
신정네거리역,15250
신정네거리역,15251
길훈로즈빌아파트,15252
하이스트학원.종로학원,15253
목동역,15254
목동8단지지하도,15255
양천구청.양천보건소,15256
목동8단지,15257
진명여고,15258
서울남부지방법원.서울남부지방검찰청,15259
서울남부지방법원.서울남부지방검찰청,15260
오목교역.청학스포츠타운,15261
현대아이파크아파트,15262
목동중학교.서울출입국관리사무소,15263
목동대학학원,15264
목동역.목동7단지,15265
서울남부지방법원.서울남부지방검찰청,15268
목동중학교,15269
진명여고,15270
우리은행신정동지점,15271
목동역.목동오거리,15272
신서고등학교.영상고등학교입구,15273
신정역.은행정역,15274
신정1동우체국,15277
서울남부지방법원.서울남부지방검찰청,15279
신정네거리역,15280
신서고등학교.영상고등학교앞,15281
신정주유소,15282
신정4동경서농협,15283
목동역.홍익병원,15284
목동역.목동오거리,15285
신서고교.영상고교입구,15286
신정역.은행정역,15287
양강중학교,15288
신월문화체육센타,15292
신월동우성상가,15293
중부운수앞,15294
신월문화체육센타,15295
신월동우성상가,15296
국립과학수사연구소입구,15298
신안파크아파트후문,15299
신안파크아파트후문,15300
국립과학수사연구소.고강동종점,15301
신정1동주민센터,15302
신정네거리역,15303
신트리아파트,15304
정랑고개.양천벤처타운,15305
서부트럭터미널.신정동일하이빌아파트,15306
강신중학교,15307
남명초교.신정3동주민센터,15308
금옥중.금옥여고.백암고등학교,15309
양강중학교,15310
양강중학교,15311
신월2동주민센터입구.경창전통시장,15312
강서초등학교,15313
한빛종합사회복지관,15314
과학수사연구소입구,15315
서부트럭터미널.신정동일하이빌아파트,15316
신정동현대아파트,15317
넓은들공원,15318
넓은들공원,15319
신정현대아파트,15320
댓골마을입구,15321
댓골마을입구,15322
"양천중앙도서관,푸른마을2단지",15323
"양천중앙도서관,푸른마을2단지",15324
신월시영아파트.강월초등학교,15325
신월시영아파트.강월초등학교,15326
강월초교입구사거리,15327
강월초교입구사거리,15328
금실어린이공원,15329
금실어린이공원,15330
강신중학교,15331
양서중학교,15332
신월1동주민센터,15333
신월3동주민센터.신월3동우체국,15334
서부여성발전센타,15335
신월보건센타,15336
국민은행신월동지점,15337
서서울호수공원,15338
서서울호수공원,15339
하나은행신월동지점,15340
신월보건센타,15341
양원초교.광영여고,15342
국민은행신월동지점,15343
메디힐병원,15344
신화중학교,15345
신월5동주민센터.신월중학교,15346
신월5동주민센터.신월중학교,15347
신월중학교입구,15348
신월중학교입구,15349
광영고.독수리아파트,15350
서울금융고등학교,15351
신화중학교,15352
경창빌딩,15353
신월시영아파트중문,15354
신월시영아파트중문,15355
목원초등학교.서울지방식품의약품안전청,15356
양천노인종합복지관,15357
양서중학교,15358
신목동역-서울지방식품의약품안전청,15360
목동파라곤,15361
트럭터미널주유소앞,15362
푸른마을3단지앞,15363
푸른마을3단지앞,15364
신정현대아파트,15365
신월문화체육센타,15366
트럭터미널주유소앞,15368
목동아파트1434동앞,15369
신월동기점,15371
양천공영차고지,15373
국립과학수사연구소.고강동종점,15374
신월동기점,15377
양천공영차고지,15378
푸른마을1단지앞,15399
중부운수앞,15402
푸른마을1단지앞,15405
신정교입구,15408
신월청소년문화센터,15411
계남초등학교,15412
신목동역-서울지방식품의약품안전청,15413
보람쉬움아파트,15414
보람쉬움아파트.신영시장,15415
신정이펜하우스2단지,15416
신정이펜하우스1단지아파트,15418
신정이펜하우스1단지.노인요양병원,15419
양천어르신요양센터,15420
신정이펜하우스3.4단지,15421
신정이펜하우스5단지.서남병원,15423
목동3.4단지사잇길,15556
양천공영차고지,15718
우리은행앞,15996
염창역.서울도시가스,16001
염창역.서울도시가스,16002
등촌역.강서보건소,16003
등촌역.강서보건소,16004
등촌중학교 백석초등학교,16005
등촌중학교 백석초등학교,16006
강서구청사거리.서울디지털대학교,16007
강서구청사거리.서울디지털대학교,16008
KBS스포츠월드,16009
KBS스포츠월드,16010
한국가스기술공사,16011
한국가스기술공사,16012
발산역,16013
송정역,16014
송정역,16015
"공항중학교.마곡엠밸리9,10단지",16016
발산역,16017
마곡역,16018
마곡역,16019
"공항중학교.마곡엠밸리9,10단지",16020
강서세무서,16023
강서세무서,16024
화원중학교,16100
서울식물원 식물문화센터,16102
백석초등학교.한국정보화진흥원,16103
등촌중학교.한국정보화진흥원,16104
강서대학교.강서LG베스트샵,16105
하이웨이주유소.강서대학교,16106
서울식물원 숲문화학교,16107
LG사이언스파크,16108
등촌주공5단지아파트,16109
발산역4번출구,16111
발산역,16112
KT공항지사,16115
송정역,16116
송정역,16117
공항시장,16118
공항시장,16119
공항시장역3번출구,16120
기업은행공항동지점,16121
방화주유소,16122
방화2동청성아파트앞,16123
방화1동주민센터,16124
방화2동우촌연립,16125
국민은행방화동지점,16126
국민은행방화동지점,16127
한서고등학교.보람아파트,16128
한서고등학교.보람아파트,16129
방화역,16130
방화역,16131
방화3동주민센터.국립국어원,16132
방화도시7단지.국립국어원,16133
가양3동도시개발8단지아파트.가양역,16134
마포중고등학교,16135
마포중고등학교,16136
경복비즈니스고등학교,16137
경복비즈니스고등학교,16138
강서구청,16139
강서구청,16140
우장초등학교,16141
우장초등학교,16142
한국폴리텍1.서울강서대학교,16143
한국폴리텍1.서울강서대학교,16144
화곡역.화곡시장,16145
화곡본동시장,16146
화곡역,16147
화곡역7번출구(B),16148
화곡푸르지오.강서양천교육지원청,16149
화곡푸르지오.강서양천교육지원청,16150
외발산신광명마을,16151
외발산신광명마을,16152
강서면허시험장.메이필드호텔,16153
강서면허시험장.메이필드호텔,16154
강서농수산물도매시장,16155
공항동송정중학교,16158
공항동송정중학교,16159
국립항공박물관.공항동천주교회,16160
국립항공박물관.공항동천주교회,16161
공항동지하도입구,16162
방화중학교,16163
방화중학교,16164
방화2동주민센터,16165
방화동도시개발11단지,16166
개화119안전센터,16167
개화119안전센터,16168
"개화역 1번출구,개화검문소",16169
"개화역 1번출구,개화검문소",16170
상사마을,16171
상사마을,16172
영일고등학교.강서도서관,16173
아이파크아파트.백석중학교.실로암안과,16174
등촌2동주민센터.등촌동대림아파트,16175
대일고교.임광아파트.배광교회,16176
용문사.시립화곡청소년수련관,16177
목동사거리,16178
목동사거리,16179
화곡동남부시장,16180
성석교회,16181
서울신정초등학교,16182
서울신정초등학교,16183
화곡8동주민센터,16184
화곡8동주민센터.까치산시장,16185
KT강서지사,16186
KT강서지사,16187
화곡동유림아파트,16188
화곡동유림아파트,16189
황외과앞,16190
까치산역2번출구,16191
까치산역4번출구,16192
화곡동백구사,16193
화곡동백구사,16194
화곡대림아파트,16195
화곡동대림아파트.화곡중앙시장,16196
가로공원.나누리병원,16197
가로공원.나누리병원,16198
가로공원.나누리병원,16199
가로공원.나누리병원,16200
화원중학교,16202
신월초등학교,16203
신월초등학교,16204
화곡역.현대주유소,16205
화곡역4번출구,16206
화곡역1번출구,16207
화곡역,16208
대원시장,16209
대원시장,16210
화곡중고등학교,16211
화곡중고등학교,16212
우장산역,16213
우장산역,16214
명덕고등학교.서울스타병원,16215
명덕고등학교.서울스타병원,16216
발산역.우장산힐스테이트,16217
발산역.우장산힐스테이트,16218
등촌3동그랜드백화점,16219
등촌3동그랜드백화점,16220
서울호서전문학교.등촌주공3단지아파트,16221
서울호서전문학교.등촌주공3단지아파트,16222
서울강서우체국,16223
서울강서우체국,16224
양천향교역.휴먼빌아파트,16225
양천향교입구,16226
가양한강타운아파트,16227
가양한강타운아파트,16228
가양2단지성지아파트.동양고등학교,16229
가양2단지성지아파트.동양고등학교,16230
한보구암마을아파트,16231
가양동천주교영등포공업고등학교,16232
"서울서진학교,우체국앞,허준박물관",16233
탑산초등학교 허준박물관,16234
가양도시개발4단지아파트,16235
대림경동아파트,16236
가양도시개발5단지아파트,16237
가양2동강변아파트,16238
가양3동도시개발6단지아파트,16239
가양초등학교,16240
강서구청별관,16241
가양3동주민센터,16242
가양3동도시개발9단지아파트,16243
가양도시개발9단지.세현고등학교,16244
염창동아3차아파트.나이아가라호텔,16245
염창동아3차아파트,16246
염창동새마을금고,16247
염창동새마을금고,16248
염창동한마음.관음삼성아파트,16249
염창동관음삼성아파트,16250
태영.삼성한사랑아파트,16251
금호.한솔아파트,16252
블루나인비지니스센터,16253
블루나인비지니스센터,16254
증미역.강서소방서,16255
증미역.강서소방서,16256
가양역.현대프린스텔,16257
가양역.현대아파트,16258
가양역.우성아파트,16259
가양역.우성아파트,16260
SBS공개홀,16261
SBS공개홀,16262
서울서진학교,16264
등촌동대림아파트,16265
강서한강자이아파트,16266
가양동CJ주식회사,16267
가양동CJ주식회사,16268
양천초등학교.겸재정선미술관,16269
양천초등학교.겸재정선미술관,16270
겸재정선미술관,16271
겸재정선미술관,16272
마곡실내배드민턴장,16273
마곡실내배드민턴장,16274
서남물재생센터,16275
서남물재생센터,16276
"서남환경공원, 마곡청구아파트",16277
"서남환경공원, 마곡청구아파트",16278
방화동도시개발2단지아파트,16279
방화동도시개발2단지아파트,16280
방화동동부센트레빌아파트,16283
방화동동부센트레빌아파트,16284
방화사거리,16285
방화사거리,16286
개화산역,16287
개화산역,16288
등촌3동천주교회,16291
등촌3동천주교회,16292
등촌3동5단지아파트.등촌고등학교,16293
등촌3동5단지아파트.등촌고등학교,16294
등촌3동주공4단지아파트,16295
등촌동부영아파트,16296
등촌3동주공10단지아파트,16297
등촌3동대림아파트,16298
강서공업고등학교,16303
방화동도시개발1.2단지아파트,16304
서울항공비지니스고등학교,16305
서울항공비지니스고등학교,16306
공항중학교,16307
공항중학교.마곡엠밸리9단지,16308
양천향교역,16309
방화1동주민센터동원탕,16321
방화주유소,16322
제과점앞,16326
공항동천주교회,16327
강서한방병원,16328
강서한방병원,16329
강서한강자이아파트,16330
강서구청별관,16332
우장산동주민센터,16339
문성유치원,16340
우장산투웨니퍼스트 오피스텔,16341
가양7단지상가,16342
등촌주공9단지,16344
강서구민올림픽체육센타,16345
등촌주공6단지,16346
등현초등학교,16347
가양7단지상가앞,16348
우장산휴먼빌아파트,16350
우장산동주민센터,16351
양서1단지우장산아이파크이편한세상,16352
우장산 파크빌,16361
강서힐스테이트아파트,16364
등촌주공6단지앞,16366
강서구민올림픽체육센타,16367
등촌9단지SBS공개홀,16368
가양4.5단지상가앞,16369
방신시장입구,16373
강서농협,16374
강서농협,16375
서울방화초등학교,16376
공항동주민센터,16378
천주교성당,16379
김포공항국내선,16389
김포공항국내선,16390
김포공항국제선,16391
김포공항국제선,16392
발산역7번출구,16393
신방화역5번출구,16394
마곡엠밸리6.7단지.마곡중학교,16395
마곡나루역,16396
마곡역,16397
마곡역,16398
마곡나루역1번출구.웰튼병원,16399
송정역,16407
외발산동기점,16408
한국공항공사,16410
한국공항공사,16411
개화동상사마을종점,16413
마곡수명산파크7단지,16416
마곡수명산파크5단지6단지,16417
마곡수명산파크2단지,16418
마곡수명산파크2단지,16419
마곡수명산파크3단지4단지,16420
마곡수명산파크7단지,16421
마곡역,16422
마곡역,16423
화곡2동주민센터,16424
화곡2동주민센터,16425
마곡엠밸리14단지아파트,16427
마곡엠밸리15단지아파트,16428
발산역9번출구,16429
공항동주민센터,16430
신방화사거리,16431
신방화사거리,16432
방화2동우촌연립,16433
개화역광역환승센터,16434
개화역광역환승센터,16435
방화2동청성아파트,16436
핑크힐병원,16450
롯데몰.김포공항,16451
송정중학교정문,16453
김포공항국내선,16605
대한항공,16612
LG사이언스파크,16613
서울식물원 숲문화학교,16619
마곡역,16635
화곡역7번출구(A),16639
마곡엠밸리7단지.712동,16702
신방화역4번출구.마곡중학교,16703
신방화역7번출구,16704
마곡엠밸리4단지,16705
마곡엠밸리5단지,16706
화곡중앙골목시장,16707
오쇠동꽃단지,16725
오쇠동꽃단지,16726
송정역,16745
김포공항국내선,16781
강서면허시험장.강서농수산물시장,16849
태영송화아파트,16855
국립항공박물관,16983
대한항공훈련센타,16988
김포공항세관.국립항공박물관,16993
대한항공,16996
김포공항국제선,16997
신도림역,17001
신도림역,17002
신도림동.구로역,17003
신도림동.구로역,17004
구일역·중앙유통상가,17005
구일역·제일제당,17006
동양미래대학.구로성심병원,17007
동양미래대학.구로성심병원,17008
개봉역.영화아파트,17009
개봉역.한마을아파트,17010
경인중학교.개봉사거리,17011
경인중학교.개봉사거리,17012
구로디지털단지역,17013
신도림역,17101
신도림역,17102
서울미래초등학교,17103
서울미래초등학교,17104
한국SGI,17105
거리공원.KEB하나은행구로공원지점,17106
거리공원,17107
구로등기소.구로도서관,17108
구로고등학교,17109
영림중학교,17110
구로구청,17111
구로구청,17112
고대구로병원후문,17113
대림역,17114
대림역,17115
영서중학교,17116
영서중학교,17117
구로두산아파트,17118
구로종합사회복지관,17119
남구로역,17120
남구로역,17121
구로E마트,17122
구로E마트,17123
디지털산업1단지,17124
디지털산업1단지,17125
하이엔드1차.보건지소.치매센터,17126
지하이시티.보건지소.치매센터,17127
디지털단지오거리,17128
디지털단지오거리,17129
디지털단지오거리,17130
가리봉시장,17131
가리봉시장,17132
남구로역,17133
구로4동자치회관,17134
구로시장,17135
구로시장,17136
구로4동우체국.고대구로병원정문,17137
구로4동우체국.고대구로병원정문,17138
구로119안전센터,17139
구로119안전센터,17140
구로초등학교,17141
구로변전소,17142
쌍용구로정비사업소,17143
"구로역,NC신구로점",17144
"구로역,NC신구로점",17145
구로기계공구상가,17146
구로기계공구상가,17147
기업은행구로중앙지점,17148
기업은행구로중앙지점,17149
신도림중학교,17152
신도림중학교,17153
구로역,17154
구로역,17155
개봉사거리,17164
경인중학교,17166
개봉지구대파출소,17168
덕산병원,17169
오류1동주민센터,17170
오류동역,17171
오류동역,17172
씨티월드,17173
신오류주유소,17174
서울가든빌라앞,17175
서울가든빌라앞,17176
성공회대학교유한공고앞,17177
연세중앙교회,17179
구로청소년문화의집,17180
구로청소년문화의집,17181
우신고등학교,17182
우신고등학교,17183
온수역,17184
온수역,17185
온수동새마을금고,17186
정진학교.온수힐스테이트아파트,17187
수궁동주민센터,17188
수궁동주민센터,17189
소방서앞,17190
소방서앞,17191
예림디자인고.오류고.서울공연예술고,17192
예림디자인고.오류고.서울공연예술고,17193
서서울생활과학고.서울전파관리소,17194
서서울생활과학고.서울전파관리소,17195
오남중학교.삼미주택,17196
오남중학교,17197
천왕이펜하우스5단지후문,17201
천왕역,17202
오류2동주민센터,17203
오류2동주민센터,17204
오류2치안센터,17205
오류2치안센터,17206
대원주유소,17207
대원주유소,17208
현대아파트.개봉중앙시장,17209
현대아파트.개봉중앙시장,17210
덕의초등학교,17211
덕의초등학교,17212
고척근린공원,17213
고척근린공원,17214
세곡초등학교,17215
세곡초등학교,17216
개봉푸르지오아파트,17217
개봉푸르지오아파트,17218
개봉시장,17219
용두연립,17220
고척파크푸르지오아파트,17223
고척시장,17225
고척시장,17226
고척중학교,17227
고척중학교,17228
구로디지털단지역,17229
삼부르네상스.효성아파트,17230
구일우성아파트,17231
구일우성아파트,17232
개봉역,17233
개봉역,17234
개봉주유소,17235
개봉주유소,17236
구로1동우체국,17237
구일우성아파트,17238
디지털단지입구,17239
구로보건소,17240
구일우성아파트,17242
개봉역,17243
남구로역,17245
개봉고가,17246
구로남초등학교,17247
연세중앙교회,17248
동양빌라,17251
학원앞,17252
궁동입구,17253
현대아파트,17254
롯데아파트,17255
"구로역,NC신구로점",17256
롯데아파트,17257
제중병원,17258
구로역,17259
구로중앙하이츠아파트,17260
신동아미래지움아파트,17261
초롱타운아파트,17262
온수동종점,17289
온수동종점,17290
신도림생활체육관.우성3차아파트,17291
우성3차아파트,17292
구로구청,17293
대림역,17296
구로중학교,17297
우신고등학교후문,17298
동양빌라,17299
궁동입구,17300
윤성빌라,17301
원각사입구,17303
동부골든아파트,17304
거성푸르뫼아파트,17305
거성푸르뫼아파트,17306
오류동삼거리,17307
오류동삼거리,17308
동부골든.한신플러스타운,17309
구로역.나인스애비뉴,17310
개봉1동사거리,17311
개봉1동사거리,17312
동부골든아파트후문,17314
동부골든아파트후문,17315
연지타운2단지,17397
연지타운2단지,17399
연지마을,17410
오류남초등학교후문,17458
그린빌라정문,17468
천왕역,17473
경북슈퍼마켓,17552
천왕역,17600
연지타운2단지,17650
연지타운2단지,17651
남부교도소,17652
남부교도소,17653
유한공고.성공회대앞,17682
동삼빌라,17697
천왕이펜하우스2단지,17700
천왕이펜하우스3단지후문,17701
금강수목원아파트,17704
구로중학교,17717
알뜰슈퍼(가상),17754
성락교회크리스천선교센터,17755
금강수목원아파트,17801
세븐일레븐,17808
세븐일레븐(가상),17819
하나마트(가상),17825
진흥슈퍼(가상),17827
신도림자동차학원(가상),17830
신도림역,17834
동삼빌라,17846
천왕이펜하우스3단지입구,17848
구로보건소,17863
보성운수기종점,17899
구로구청후문,17932
신도림역,17947
동아1차아파트102동,17949
천왕이펜하우스3단지입구,17975
천왕역,17982
천왕이펜하우스4단지,17984
천왕이펜하우스6단지,17985
천왕이펜하우스5단지,17986
천왕이펜하우스3단지,17987
문성초등학교,18001
문성초등학교,18002
금천우체국,18003
금천우체국,18004
"말미고개, 금천소방서",18005
"말미고개, 금천소방서",18006
금천구청,18007
금천구청,18008
시흥사거리,18009
시흥사거리,18010
박미삼거리.국립전통예술중고,18011
박미삼거리.국립전통예술중고,18012
시흥유통센터,18013
시흥유통센터,18014
한일유엔아이아파트,18101
디지털3단지.롯데정보통신,18102
에이스하이엔드타워5차,18103
디지털3단지.영창실업,18104
디지털3단지운동장,18105
가산디지털단지역,18106
가산디지털단지역,18107
디지털3단지.월드벤쳐센터,18108
디지털3단지.(주)로옴코리아,18109
디지털3단지사거리,18110
디지털3단지사거리,18111
디지털3단지사거리,18112
금천패션아울렛사거리.마리오,18113
금천패션아울렛사거리.W몰,18114
금천패션아울렛사거리.현대아울렛,18115
디지털단지오거리,18116
디지털단지오거리,18117
디지털단지오거리,18118
가산초등학교,18119
가산동주민센터,18120
가산동주민센터,18121
구립가산도서관.두산위브아파트,18122
구립가산도서관.두산위브아파트,18123
독산사거리,18124
독산사거리,18125
독산주공13단지,18126
독산1동한신코아,18127
독산주공14단지,18128
독산주공14단지,18129
독산근린공원,18130
독산근린공원,18131
"독산동우시장, 금천50플러스센터",18132
"독산동우시장, 금천50플러스센터",18133
시흥대교,18134
시흥대교,18135
벽산아파트1단지.호압사입구,18136
벽산아파트1단지.호압사입구,18137
벽산아파트5단지,18138
벽산아파트5단지,18139
시흥동은행나무,18140
시흥동은행나무,18141
은행나무입구사거리,18142
은행나무입구사거리,18143
독산고개,18146
독산고개,18147
독산사거리앞,18148
남문시장.신한은행독산지점,18149
금천우체국,18150
홈플러스금천점,18152
홈플러스금천점,18153
시흥사거리,18160
문일고입구,18162
문일고입구,18163
금천폭포공원,18164
금천폭포공원.천주교시흥성당,18165
박미마을,18166
"박미마을, 금천고등학교",18167
기아대교,18168
기아대교앞,18169
석수역,18170
백산초등학교,18171
백산초등학교,18172
은행나무입구사거리,18173
은행나무입구사거리,18174
태풍약국,18175
시흥초등학교.금천구보훈회관,18176
시흥초등학교.금천구보훈회관,18177
동산교회앞,18178
동산교회앞,18179
현대시장.시흥4동주민센터,18180
현대시장.시흥4동주민센터,18181
남부여성발전센타,18182
남부여성발전센타,18183
독산동정훈단지,18184
독산동정훈단지,18185
독산초등학교,18186
독산초등학교,18187
독산4동주민센터,18188
독산동성당앞,18189
독산동성당앞,18190
독산동쌈지공원,18191
독산동쌈지공원,18192
독산3동주민센터,18193
독산3동주민센터,18194
KT구로지사,18195
KT구로지사,18196
KT구로지사,18197
금천경찰서.신림푸르지오아파트,18198
독산고등학교,18199
독산고등학교,18200
독산3치안센터,18201
독산3치안센터,18202
금천우체국,18203
진도아파트,18204
에스에스패션,18205
벽산디지털밸리,18206
마리오아울렛,18207
국민연금관리공단앞,18208
가산디지털단지역,18209
마리오아울렛,18210
벽산디지털밸리,18211
에스에스패션,18212
진도아파트,18213
현대지식산업센터,18214
가산디지털단지역입구,18215
가산동기점,18216
가산동종점,18217
범일운수종점,18219
삼익아파트앞,18220
삼익아파트,18221
디지털3단지.영창실업,18222
디지털3단지.가산비즈니스센터,18223
디지털3단지운동장,18224
남문시장입구,18225
가산디지털단지역,18226
스타밸리앞,18227
독산동남문시장,18228
독산동남문시장,18229
금빛공원앞,18232
금빛공원앞,18233
경동택배,18234
삼화약국,18235
대우당약국,18236
화인전자산업,18237
은행나무로입구,18238
시흥대교,18239
가산디지털단지역1호선,18240
시흥모터스,18598
독산역,18643
독산역,18644
남부여성발전센터앞,18657
남부여성발전센터앞,18658
산업단지백양사,18671
교학사,18688
교학사,18689
범일운수종점,18708
한울중학교,18740
한울중학교,18741
STXV타워,18742
석수역,18776
석수역,18777
마이크로오피스사거리앞,18810
시흥사거리.대명시장,18863
석수역,18989
남문시장입구,18994
LG전자,18995
LG전자,18996
7호선가산디지털단지역,18999
문래동남성아파트,19001
문래동남성아파트,19002
영등포등기소.구로세무서,19003
영등포등기소.구로세무서,19004
영등포역,19005
영등포역,19006
여의도환승센터,19007
여의도환승센터,19008
시흥대로.한국광물자원공사,19009
강남성심병원.대림성모병원,19010
경남아너스빌아파트,19011
보라매공원,19012
보라매역.동작세무서,19013
서울지방병무청,19014
대방역,19015
여의도환승센터,19016
여의도환승센터,19017
대성병원,19101
영등포공원.영등포문화원,19102
영등포공원.영등포문화원,19103
영등포시장,19104
영등포시장입구,19105
영등포로터리,19106
영등포시장로터리방면,19107
영등포시장,19109
경방타임스퀘어.신세계백화점,19110
경방타임스퀘어.신세계백화점,19112
영등포역,19114
경방타임스퀘어.신세계백화점,19117
김안과병원,19118
김안과병원,19119
영등포시장,19120
신화병원,19121
신화병원,19122
영동초교,19123
영동초교.영등포평생학습관,19124
삼환아파트,19125
당산푸르지오아파트,19126
국회의사당,19129
KBS,19130
국회의사당,19131
국회의사당역.국민은행,19132
국회의사당역,19133
여의도순복음교회,19136
여의도순복음교회,19137
여의도공원,19138
여의나루역,19139
여의나루역,19140
여의도중학교,19141
여의도중학교,19142
63빌딩.가톨릭대학교여의도성모병원,19143
63빌딩.가톨릭대학교여의도성모병원,19144
시범아파트,19145
시범아파트.대교아파트,19146
여의동주민센터,19147
여의동주민센터,19148
진주아파트,19149
KBS별관,19150
샛강역.앙카라공원,19151
여의도공원,19152
지적공사,19153
지적공사,19154
여의도역,19155
여의도역,19156
한국거래소.구증권선물거래소,19157
한국거래소.구증권선물거래소,19158
MBC,19159
여의도공작아파트,19160
전경련회관,19161
당산동진로아파트,19162
당산동진로아파트,19163
영등포방사선과,19164
양남동로타리,19165
교보앞,19166
현대아파트,19167
영등포구청,19168
영등포구청,19169
당산동삼익아파트,19171
당산역,19172
당산역,19173
당산역삼성래미안아파트,19174
당산역삼성래미안아파트,19175
당산역,19176
당산역,19177
당산역,19178
당산삼성아파트,19181
당산유원제일1차아파트,19182
당산유원제일1차아파트,19183
도림동자치회관,19184
도림마을금고,19186
도림마을금고,19187
신길가마산로교차로,19188
문래역,19192
문래역,19193
국화아파트,19195
현대6차아파트,19196
문래롯데캐슬,19197
문래중학교,19198
문래중학교,19199
문래동국화아파트,19200
대림아파트,19201
양평1동주민센터,19202
양평신동아아파트,19203
관악고등학교,19204
관악고등학교,19205
당중초등학교,19206
당중초등학교,19207
남부고용노동지청,19208
남부고용노동지청,19209
한신아파트.선유도역,19210
한신아파트.선유도역,19211
선유도역.롯데제과,19212
선유도역.롯데제과,19213
양평한신아파트.선유도공원입구,19214
영등포아리수정수센터,19215
양평한신아파트.선유도공원입구,19216
안양천입구,19217
양평동한솔아파트,19218
신풍역,19219
당산초등학교앞,19220
강서세무서,19221
강서세무서,19222
선유중학교,19223
선유중학교,19224
신길역 1호선,19225
신길새마을금고,19226
신길새마을금고,19227
대신시장,19228
대윤병원,19229
대신시장,19230
영등포농협,19231
우신초등학교,19232
포레나신길아파트,19233
성락교회,19234
성락교회,19235
도림동자치회관,19236
우신초등학교,19238
신길힐스테이트클래시안아파트,19239
신길동 홍어거리,19240
신풍역.백악관웨딩문화원앞,19241
신길5동주민센터,19242
신길5동주민센터,19243
신풍역,19244
영등포농협 도림로지점.우리시장,19245
영등포농협 도림로지점,19246
태양의집.KT대방지사,19247
신길주유소,19248
신풍역.백악관웨딩문화원앞,19249
대방역,19254
공군회관,19255
서울지방병무청,19256
대방초등학교,19257
태양의집,19258
대림동우체국,19260
흰돌교회,19261
대동초등학교,19262
대림역,19264
대동초등학교,19265
대동초등학교,19266
흰돌교회,19267
대림동우체국,19268
대림동우성아파트,19269
대림역,19270
대동초등학교,19271
대림동우성아파트,19272
YDP미래평생학습관,19273
대림동현대3차아파트,19274
신영초등학교,19275
YDP미래평생학습관,19276
선유도공원,19277
선유도공원,19278
신길역 5호선,19279
국회의사당,19280
산업은행본점,19281
현대백화점-더현대서울?,19282
유진투자증권,19283
파크원타워.LG트윈타워,19284
하나은행여의도지점,19287
신풍역,19289
여의도지하차도입구,19290
영진시장,19291
문래우체국.문래예술공단,19292
문래우체국.문래예술공단,19293
대림3동주민센터,19294
대방역,19295
대방역,19296
신길가마산로교차로,19297
대길초등학교,19298
미보빌딩,19299
신길역1호선,19300
여의도순복음교회,19303
문래자이아파트,19305
대방역,19306
대길초등학교,19309
대방천사거리,19310
대방천사거리,19311
대림코오롱아파트,19312
영등포로터리,19313
새길어린이집.신풍역3번출구,19314
새길어린이집.신풍역3번출구,19315
영문초등학교,19316
영문초등학교,19317
문래역,19318
양화중학교.홈플러스,19319
기계회관,19320
우성5차아파트,19323
우성5차아파트,19324
대림3동사거리.명지춘혜병원,19327
"성원아파트, 한국상하수도협회",19329
국민은행,19330
영등포역후문,19331
영등포동.영등포푸르지오아파트,19335
"신길바다마을아파트,보라매sk뷰",19336
보라매역,19346
영진시장,19347
대림동코오롱아파트,19357
문래동종점,19358
문래동시점,19359
보라매역.5번출구,19362
코끼리유통,19389
성락교회,19390
동양볼링장,19392
보라매공원입구,19393
현대2차아파트후문,19402
신길3동주민센터,19404
꼬추말,19405
다나약국,19406
기림약국,19416
코사마트,19423
해오름식당,19424
우리은행,19425
두산위브진주아파트,19427
현대3차아파트,19428
대방역,19430
타임스퀘어,19434
당산신동아파밀리에,19435
영등포청과시장,19436
영등포청과시장,19437
서울시립청소년성문화센터,19438
서울시립청소년성문화센터,19439
한강아파트,19450
빅마켓영등포점,19451
당산센트럴아이파크아파트,19452
영등포농협당산역지점,19453
신풍시장,19454
신길건영아파트,19455
신길건영아파트,19456
수정교회,19457
대림3동주민센터,19458
우성2차아파트,19515
벽산메가트리움APT,19582
영일시장.록스,19588
명신유치원,19628
금호아파트,19741
대영초중고,19774
문래주민자치센터,19811
경방타임스퀘어.신세계백화점,19821
당산역,19826
"대영고등학교,신길센트럴아이파크",19827
양화대교전망카페,19846
양화대교전망카페,19848
문래힐스테이트아파트,19849
문래힐스테이트아파트,19850
영등포소방서.타임스퀘어,19851
영등포구청,19852
신길한성아파트,19871
신길중앙새마을금고,19872
서울해군호텔,19880
대한항공훈련센타,19992
여의나루역,19993
당산역,19996
은성병원,19999
신대방성원상떼빌,20001
신대방경남아파트,20002
신대방현대아파트,20003
보라매공원,20004
동작세무서,20005
강남중학교,20006
현대아파트,20007
현대아파트.유한양행,20008
노량진수산시장.CTS기독교TV,20009
노량진수산시장.CTS기독교TV,20010
노량진역,20011
노량진역,20012
노들역,20013
노들역,20014
갯마을앞,20015
정금마을앞,20016
경문고교.배나무골앞,20017
총신대입구역.남성시장입구앞,20018
사당동우체국앞,20019
방배경찰서앞,20020
서울지방병무청앞,20106
공군회관,20107
대방역,20108
KT동작지사,20111
노량진역3번출구,20114
노량진역2번출구,20115
사육신공원,20117
사육신공원,20119
노들역,20121
노들역,20122
흑석동효사정앞,20123
흑석동효사정앞,20124
흑석역.흑석동빗물펌프장,20125
흑석역.명수대현대아파트,20126
흑석역.명수대현대아파트,20127
흑석동명수대현대아파트,20128
비계,20129
비계,20130
흑석동한강현대아파트,20131
흑석동한강현대아파트,20132
동작역.국립현충원,20133
동작역.국립현충원,20134
사당1동관악시장앞,20141
예술인마을,20142
서울공업고등학교,20143
서울공업고등학교,20144
대림초등학교,20145
대림초등학교,20146
성대시장,20147
성대시장,20148
상도초등학교입구,20149
상도초등학교입구,20150
장승배기역,20151
동작문화복지센터.동작보건소,20152
동작문화복지센터.동작보건소,20153
상도2동대림아파트,20154
상도2동대림아파트,20155
상도터널노량진동,20156
상도터널노량진동,20157
상도터널상도동,20158
상도터널상도동,20159
상도역,20160
상도역,20161
상도동중앙하이츠빌.상도전통시장,20162
상도동중앙하이츠빌.상도전통시장,20163
숭실대입구역,20164
숭실대입구역,20165
숭실대입구역,20166
봉현초등학교,20167
봉천고개.관악현대아파트,20168
숭실대정문앞,20169
숭실대정문앞,20170
숭실대별관앞,20171
숭실대별관앞,20172
사당5동파출소,20173
총신대,20174
총신대,20175
사당중학교,20176
사당중학교,20177
남성역,20178
남성역,20179
남성역골목시장,20180
남성역골목시장,20181
남성초등학교,20182
남성초등학교,20183
이수역9번출구,20184
이수역10번출구,20185
신대방삼거리,20186
신대방삼거리,20187
보라매병원입구,20188
동작구청.노량진초등학교앞,20190
동작구청.노량진초등학교앞,20191
장성교회,20192
청화병원,20193
중앙대학교,20194
중앙대학교,20195
중앙대학교,20196
7호선장승배기역.상도2치안센터,20197
7호선장승배기역.상도지구대,20198
상도2동아이파크.포스코더샵아파트,20199
상도2동아이파크.포스코더샵아파트,20200
신상도초등학교,20201
중앙대후문,20202
중앙대후문,20203
중앙대정문,20204
중앙대중문,20205
중앙대정문,20206
신대방역,20207
신대방역,20208
신대방성원상떼빌,20209
신대방경남아파트,20210
흑석동한강현대아파트,20212
서울특별시.보라매병원,20217
신상도초등학교,20219
상도4동약수맨션,20220
"경향렉스빌, 롯데캐슬비엔",20221
"경향렉스빌, 롯데캐슬비엔",20222
흑석역.명수대현대아파트,20224
상도4동약수맨션,20228
동작역.국립현충원,20230
동작역.국립현충원,20231
동작구청정문,20240
상도SH빌아파트상도팰리스후문,20241
상도SH빌아파트상도팰리스후문,20242
상도3차삼성래미안후문,20243
상도3차삼성래미안후문,20244
상도1동주민센터.상도3차래미안,20245
상도1동주민센터.상도3차래미안,20246
노들역앞,20247
대방역1번출구앞,20248
대방역.여의교앞,20249
노들역4번출구앞,20250
동작실버센터입구,20251
사당동대아신협앞,20252
사당역9번출구앞,20253
사당역10번출구,20500
구로디지털단지역,21001
서울미술고.인헌중고,21101
낙성대입구,21102
행운동주민센터,21103
서울대입구역5번출구,21104
KT관악지점,21105
봉천역.관악초등학교,21106
KT&G관악지점,21107
신림사거리.신림역,21108
남부초등학교,21109
호림박물관,21110
난곡입구,21111
금천경찰서.신림푸르지오아파트,21112
천주교성령봉사회관.등불교회,21113
KT구로지사,21114
난곡입구,21115
남서울중학교.성보중고등학교,21116
신림사거리.신림역,21117
KT&G관악지점,21118
봉천역.관악초등학교,21119
KT관악지점,21120
봉천사거리,21121
낙성대동,21122
낙성대입구,21123
인헌중고.서울미술고,21124
예술인마을.사당초등학교,21125
남서울농협남현동지점,21126
서울대학교,21127
서울대학교,21128
서울여상.서울문영여중고앞,21129
관악구청,21130
봉천사거리.봉천중앙시장,21131
봉원중학교.행운동우성아파트,21132
관악푸르지오아파트,21133
성현동동아아파트,21136
봉원중학교.행운동우성아파트,21137
봉천사거리.봉천중앙시장,21138
관악구청,21139
관악경찰서,21140
서울여상.서울문영여중고앞,21141
신림중.삼성고.관악문화관도서관,21142
서울산업정보학교.삼성교,21143
신성초등학교,21144
영광메디컬센터,21145
쑥고개입구,21146
서원동문화교앞,21147
신림사거리,21148
신림동별빛거리입구,21149
보라매공원.보라매병원,21150
롯데백화점관악점,21151
신림동별빛거리입구,21152
신림사거리,21153
서원동문화교앞,21154
서림동주민센터.신화단지,21155
삼성동시장,21156
대학동고시촌입구,21157
서울산업정보학교.삼성교,21158
관악산입구.관악아트홀.중앙도서관,21159
당곡사거리.롯데백화점관악점,21160
사당역,21161
사당자동차학원,21162
남태령역,21163
낙성대입구,21164
삼성동주민센터,21165
미림고개,21166
미림여고.미림여자정보과학고,21167
신우초등학교,21168
삼성산성지,21169
산장아파트,21170
삼성산주공아파트,21171
산복터널.관악산휴먼시아2단지,21172
산복터널.관악산휴먼시아2단지,21173
삼성산주공아파트,21174
산장아파트,21175
삼성산성지,21176
신우초등학교,21177
미림여고.미림여자정보과학고,21178
미림고개.고시촌입구,21179
관악농협신림지점앞,21180
쑥고개,21181
e편한세상서울대입구아파트 ,21182
영락고교.영락유헬스고,21183
생모리츠타운,21184
관악구청,21185
생모리츠타운,21184
영락고교.영락유헬스고,21187
e편한세상서울대입구아파트 ,21188
쑥고개,21189
은천교,21190
봉일시장,21191
은천초등학교,21192
두산.벽산아파트.서울관광고등학교,21193
현대시장앞,21194
관악동부센트레빌아파트앞,21195
중앙동성당앞,21196
중앙동성당앞,21197
관악동부센트레빌아파트앞,21198
벽산.두산아파트.서울관광고등학교,21200
은천초등학교,21201
봉일시장,21202
은천교,21203
난곡입구,21204
난곡우체국사거리,21205
신일교회앞,21206
세이브마트앞,21207
남강중입구,21208
우림시장.난곡보건분소,21209
난우중학교입구,21210
신림복지관앞,21211
신림복지관앞,21212
난우중학교입구,21213
우림시장.난곡보건분소,21214
남강중입구,21215
세이브마트앞,21216
신일교회앞,21217
난곡우체국사거리,21218
신림체육센터,21219
KT구로지사,21220
골목시장앞,21221
조원동주민센터,21222
조원동주민센터,21223
신대방역,21224
신대방역,21225
보라매공원입구,21226
보라매공원입구,21227
보라매갑을아파트,21228
롯데관악점,21229
롯데관악점,21230
봉천교,21231
당곡중학교,21232
당곡중학교,21233
봉현초등학교,21236
동아아파트105동앞,21237
관악드림타운115동,21239
관악드림타운115동,21240
관악드림타운북문,21241
관악드림타운북문,21242
구암중학교,21243
구암중학교,21244
벽산아파트.적십자남부봉사관,21245
벽산아파트.적십자남부봉사관,21246
벽산블루밍벽산아파트303동앞,21247
구로디지털단지역,21248
현대시장,21251
서울대입구역,21252
신봉초등학교입구,21253
구암초등학교,21254
은천동벽산블루밍아파트105동,21255
은천동두산아파트3단지,21256
봉일시장,21257
봉천역,21258
현대시장,21259
현대시장,21260
관악우체국(양지병원),21261
관악우체국.양지병원,21262
보라매삼성아파트.모자원고개,21263
조원동기점,21264
난향동주민센터,21265
관악산휴먼시아아파트1단지입구,21266
관악산휴먼시아아파트1단지입구,21267
난향동주민센터,21268
서울대정문,21269
법대.사회대입구,21270
자연대.행정관입구,21271
농생대,21272
공대입구,21273
신소재,21274
제2공학관,21275
제1공학관,21276
유전공학연구소.반도체공동연구소,21277
교수회관입구,21278
관악사삼거리,21279
국제대학원,21280
수의대입구.보건대학원앞,21281
경영대.행정대학원,21282
경영대.행정대학원,21283
수의대입구.보건대학원앞,21284
국제대학원,21285
관악사삼거리,21286
공동기기원,21288
유전공학연구소.반도체공동연구소,21289
에너지자원연구소,21290
공대입구,21292
농생대,21293
자연대.행정관입구,21294
문화관입구,21297
법대.사회대입구,21298
서울대정문,21299
우방아파트,21300
은천성결교회,21301
남부초교후문,21302
봉림교,21303
봉림교,21304
남부초교앞,21305
청담고시원,21309
우리슈퍼,21310
명호고시원,21311
동작마트,21312
제일성도교회,21313
삼양슈퍼,21314
금성마트용천사,21315
삼양슈퍼,21316
제일성도교회,21317
동작마트,21318
고시촌입구,21319
대학동치안센터,21320
대학동노인정,21321
금호타운아파트,21322
금호타운아파트,21327
대학동노인정,21328
대학동치안센터,21329
서울대입구역,21330
청림동현대아파트,21332
청림동현대아파트,21333
보성운수기종점,21335
난곡공영차고지,21337
한남운수대학동차고지,21338
한남운수대학동차고지,21339
제2공학관,21340
건설환경종합연구소앞,21341
봉일시장,21342
신림사거리.신림역,21350
신사동주민센터.신사시장,21351
건영유치원,21352
신대방역,21353
건강보험관악지사,21354
건강보험관악지사,21355
신대방역,21356
신사시장.평화교회,21357
신사시장.선한이웃교회,21358
신림체육센터,21359
신사동진양빌딩앞,21360
호림박물관,21361
보성운수차고지맞은편,21363
조원아파트,21364
신림빗물펌프장,21367
봉천사거리.위버폴리스,21368
서원동승리교앞,21369
서울난향초등학교,21370
은천길입구,21371
대학동샘말공원,21372
서울대학교.치과병원.동물병원,21373
서울대학교.치과병원.동물병원,21374
신림2교,21375
서울대학교,21376
신림사거리.신원시장,21604
난곡종점,21809
봉천역,21812
신림2동차고지,21841
신림2동차고지,21842
신림복지관앞,21920
교육개발원입구,22001
교육개발원입구,22002
양재역,22003
양재역,22004
뱅뱅사거리,22005
뱅뱅사거리,22006
래미안아파트.파이낸셜뉴스,22007
래미안아파트.파이낸셜뉴스,22008
신분당선강남역,22009
신분당선강남역,22010
지하철2호선강남역,22011
지하철2호선강남역,22012
논현역,22013
논현역,22014
신사역.푸른저축은행,22015
신사역,22016
반포역,22017
반포역,22018
고속터미널,22019
고속터미널,22020
신반포역.세화여중고,22021
신반포역.세화여중고,22022
구반포역.세화고등학교,22023
구반포역.세화고등학교,22024
이수역,22027
총신대입구역.남성시장입구앞,22029
경문고등학교,22031
정금마을,22033
지하철3호선교대역,22101
서울교대사거리,22102
지하철2호선교대역2,22103
서초동유원아파트,22104
창신교회앞,22105
창신교회,22106
서울교대정문앞,22107
서울교대정문앞,22108
남부터미널,22109
서울시인재개발원입구,22110
서울시인재개발원.한우리문화센터,22111
서일초등학교,22112
서일초등학교,22113
롯데칠성,22114
롯데칠성,22115
서초포레스타2단지 앞,22116
서초동우성2차아파트,22117
서초동우성2차아파트,22118
서초청소년도서관,22119
서초청소년도서관,22120
서초동신동아아파트,22121
서초2동주민센터서이초등학교,22122
서초우성1차아파트,22123
뱅뱅사거리.우성아파트,22125
뱅뱅사거리.우성아파트,22126
서초그랑자이아파트,22127
서초그랑자이아파트,22128
서초구청,22129
서초구청,22130
수협서초지점,22131
구영동중학교,22132
법조단지,22133
교대역10번출구,22134
서초역,22135
서초역,22136
서울중앙지방검찰청,22137
서울중앙지방검찰청대검찰청,22138
서초아트자이아파트,22139
서초동삼성아파트,22140
서초아트자이아파트,22141
서초동삼성아파트,22142
서초3동주민센터,22143
서초3동주민센터,22144
서초동예술의전당,22145
서초중학교,22146
서초중학교,22147
서울고등학교,22148
서울고등학교,22149
상문고교,22150
서초동예술의전당,22151
서초동예술의전당,22152
남부터미널.기쁨병원,22153
남부터미널.기쁨병원,22154
남부터미널,22155
남부터미널.한일시멘트,22156
남부터미널,22157
서울교대사거리,22158
서울교대사거리,22159
서울교대사거리,22160
지하철3호선교대역,22161
KCC사옥,22162
서초동삼호아파트,22163
서초푸르지오써밋.롯데캐슬클래식,22164
진흥아파트,22165
진흥아파트,22166
강남역.강남역사거리,22167
서초동진흥아파트,22168
서초동유원아파트,22169
지하철2호선교대역4출구,22170
법조단지,22171
신논현역.구교보타워사거리,22172
강남역,22173
잠원한신아파트,22174
래미안신반포리오센트아파트,22175
신반포18차아파트,22176
롯데캐슬아파트,22177
롯데캐슬아파트,22178
신반포13차아파트,22179
신반포13차아파트,22180
신동중학교,22181
신동중학교,22182
논현역7번출구,22183
신사역사거리,22185
신사역사거리,22186
논현역6번출구,22190
논현역,22191
반포동,22192
신논현역.구교보타워사거리,22193
제일약품사옥,22194
사평역,22195
사평역,22196
디에이치반포라클라스,22197
삼호가든사거리.반포도서관,22199
서초구민체육센터.심산문화센터,22203
잠원한신아파트,22204
잠원성당,22205
잠원성당,22206
뉴코아아울렛,22207
한양아파트,22208
고속터미널,22211
서울지방조달청.서울성모병원,22212
센트럴시티,22213
서울지방조달청.서울성모병원,22214
서울성모병원,22215
서초구민체육센터.심산문화센터,22217
반포미도아파트앞,22218
고속터미널호남선,22220
삼호아파트,22221
방배프라자,22222
방배동삼호아파트,22223
방배프라자,22224
이수교,22225
방배동신동아아파트,22228
방배역(구방림시장),22229
내방역2번출구,22230
내방역,22231
방림시장,22232
지하철2호선방배역,22233
서울메트로,22234
종로교회,22235
대우효령아파트,22236
이수중학교,22237
방배브라운가아파트,22238
사당역,22241
사당역,22242
경남임광아파트,22244
방배그랑자이아파트,22245
방배3동주민센터,22246
방배3동주민센터,22247
신동아아파트앞,22248
방배역.백석예술대학교,22249
방배동대우효령아파트앞,22250
종로교회앞,22251
서울메트로앞,22252
방배동래미안아트힐.국립국악원,22253
방배그랑자이아파트,22254
성뒤마을.교육연수원,22255
방배동래미안타워,22256
대항병원.연세사랑병원,22257
대항병원.연세사랑병원,22258
방배동래미안타워.동덕여중고,22259
성뒤마을.교육연수원,22260
방배그랑자이아파트,22261
방배동래미안아트힐.국립국악원,22262
서문여고입구,22263
방배동고개,22264
방배열린문화센터(방배4동주민센터),22268
방배열린문화센터(방배4동주민센터),22269
양재역.양재1동민원분소,22270
양재노인종합복지관,22271
블랙야크양재사옥,22272
하이패밀리,22273
현대빌라,22274
우성아파트.양재초등학교,22275
우성아파트.양재초등학교,22276
코오롱아파트.양재1동주민센터,22277
우면코오롱아파트,22278
우면주공아파트.우면한라아파트,22279
우면주공아파트.양재1동주민센터,22280
서울시품질시험소한국교원단체총연합회,22281
서울시품질시험소한국교원단체총연합회,22282
네이처힐3.4단지,22283
성촌마을입구,22284
송동마을.서초힐스아파트,22285
송동마을.서초힐스아파트,22286
식유촌우면성당.서초에코리치,22287
식유촌우면성당.서초에코리치,22288
양재역,22289
양재역,22290
일동제약사거리,22291
일동제약사거리,22292
양재2동주민센터.양재꽃시장,22293
매헌시민의숲,22294
언남고교,22295
매헌시민의숲.양재꽃시장,22296
매헌시민의숲.양재꽃시장,22297
AT센터.양재꽃시장,22298
양곡도매시장,22299
양곡도매시장,22300
하나로마트.코트라,22301
코트라,22302
구룡사앞,22303
구룡사,22304
구룡사입구,22305
동원산업앞,22306
언남고포이성당앞,22307
소방서앞,22309
꽃마을,22310
꽃마을,22311
청계산산림욕장입구,22312
청계산산림욕장입구,22313
새원마을,22314
새원마을,22315
본마을,22316
본마을,22317
청계산.원터골,22318
청계산.원터골,22319
관현사입구,22320
관현사입구,22321
새쟁이마을,22322
새쟁이마을,22323
옛골,22324
염곡마을.서초50플러스센터,22325
염곡마을.서초50플러스센터,22326
탑성마을,22327
탑성마을,22328
안골마을,22329
안골마을,22330
서울특별시어린이병원.강동-송파예비군,22331
서울특별시어린이병원.강동-송파예비군,22332
헌인릉.강남서초예비군훈련장,22333
헌인릉.강남서초예비군훈련장,22334
헌인농장,22335
헌인마을.서울농업기술센타,22336
헌인마을.서울농업기술센타,22337
강남역,22339
방배동래미안타워.동덕여중고,22340
서초힐스아파트,22347
강남역하나은행,22348
염곡마을.서초50플러스센터,22350
염곡마을.서초50플러스센터,22351
탑성마을,22352
탑성마을,22353
안골마을,22355
서울특별시어린이병원.강동-송파예비군,22356
염곡동구룡사,22367
국제전자센터,22368
형촌마을입구(서초네이처힐1.2단지),22372
국제전자센터,22376
도로교통공단서울지부.코트라,22378
서초역,22379
반포대교남단 한강시민공원입구,22381
반포대교남단 한강시민공원입구,22382
이수역,22385
방배초등학교,22386
방배고개,22387
방일초교,22390
내방역,22391
방배고개,22392
이수역,22393
방배역,22394
방배역,22395
동작대교전망카페,22396
동작대교전망카페,22397
서초포레스타입구,22398
서초포레스타입구,22399
청계산입구역,22401
청계산입구역,22402
서초포레스타7단지,22403
반포한강공원.세빛섬,22404
반포한강공원.세빛섬,22405
신논현역.주류성빌딩,22406
신논현역.유화빌딩,22408
신논현역.인터파크,22411
네이처힐5단지,22424
삼성래미안,22476
kt연구소,22478
청계산입구역,22591
강남역도시에빛,22600
KT삼거리,22601
KT연구개발센터정문,22602
형촌마을입구,22604
서초에코리치아파트,22605
LH서초아파트,22607
강남역티월드,22654
성촌마을입구,22667
삼성전자서울R&D,22774
KT연구개발센터,22777
네이처힐.LH서초아파트,22779
서초아트자이아파트,22812
교대역,22825
호남고속.신세계,22855
반포종합운동장,22861
송동마을.서초힐스아파트,22962
반포종합운동장,22977
신사중학교,23101
신사중학교,23102
광림교회.현대고등학교,23103
광림교회.현대고등학교,23104
압구정역4번출구,23105
국민은행,23106
신사동고개,23107
신사사거리.가로수길,23108
신사역사거리,23109
신사동사거리.신사역,23110
신사사거리,23111
신사동고개,23112
강남을지병원,23113
학동역,23114
학동역6번출구,23115
영동시장,23116
영동시장,23117
학동역5번출구,23118
논현동고개,23119
삼정호텔,23120
신논현역,23121
교보타워,23122
영동시장논현역,23123
언북중학교입구,23124
제일은행.호림아트센터앞,23125
영동119.안전센터,23126
강남구청역,23127
강남구청역,23128
세관앞,23129
서울세관,23130
서울세관,23131
학동역,23132
강남을지병원,23133
세관앞,23134
강남구청역,23135
한국토지주택공사앞,23136
선정릉역1번출구.시니어플라자,23137
아크로힐스논현,23138
논현아이파크,23139
임피리얼팰리스호텔.펜트힐루논현,23140
펜트힐루논현.임피리얼팰리스호텔,23141
논현아이파크,23142
국민은행논현동지점,23143
언주역4번출구.차병원사거리,23144
언주역3번출구,23145
논현고개,23146
서울세관사거리,23147
현대아파트,23148
현대아파트,23149
신사동교회,23151
도산공원.호림아트센터앞,23152
신구중학교,23153
압구정중학교.현대아파트,23154
도산공원사거리,23155
압구정파출소,23156
압구정파출소,23157
한양아파트.압구정로데오역,23158
한양아파트.압구정로데오역,23159
일지아트홀,23160
씨네시티.앞,23161
도산공원,23162
신구중학교,23163
성수대교남단.현대아파트,23164
청담초등학교,23165
프리마호텔,23166
프리마호텔,23167
영동교입구.청담자이아파트,23168
영동교입구,23169
청담역.경기고교,23170
우리은행청담지점.청담삼익아파트,23171
청담역.경기고교,23172
진흥아파트,23173
청담천주교회,23174
청담치안센타,23175
강남구청.강남세무서,23176
청담동래미안아파트,23177
강남구청역,23178
농협앞,23180
일지아트홀.압구정동노인복지센터,23181
청담초등학교앞,23182
청담지구대,23183
청담동성당앞,23184
차병원차움,23185
진흥아파트청담역,23186
청담역.경기고교,23187
청담역.경기고교,23188
봉은사.삼성1파출소앞,23189
봉은사.코엑스북문,23190
봉은사.코엑스북문,23191
봉은사역3번출구.삼성1파출소,23192
봉은사역5번출구.광동한방병원,23193
노블발렌티웨딩홀,23194
서울의료원강남분원,23195
강남경찰서면허시험장,23196
삼성역7번출구,23197
무역센타,23198
무역센터,23199
강남구보건소,23200
한국무역센터.삼성역,23201
포스코사거리,23202
한별구립어린이집,23203
상아아파트.강남구도시관리공단,23204
삼성동서광아파트,23205
강남구청.강남세무서,23206
청담역7번출구,23207
상아아파트.강남구도시관리공단,23208
한별구립어린이집,23209
삼성중앙역.플래티넘아파트,23210
삼성중앙역.플래티넘아파트,23211
삼성2문화센터,23212
삼성2문화센터,23213
선릉역8번출구.선정릉,23214
선정릉역.무형문화재전수회관,23215
한국토지주택공사앞,23216
포스코건너편,23217
선릉역,23218
도곡역2번출구.동부세트레빌,23219
중대부고,23220
단대부고.대치아이파크아파트,23221
한티역.서울지방고용노동청강남지청,23222
삼성아파트입구,23223
농협대치지점,23224
대치동국제아파트.서울교회,23225
대치역,23226
래미안.대치.팰리스,23227
도곡역3번출구,23228
대치동우성아파트,23229
대치역,23230
대치역,23231
그랑프리백화점,23232
은마아파트,23233
은마파출소,23234
은마아파트,23235
대치동은마아파트,23236
은마아파트,23237
대치동미도아파트,23238
대치역강남구민회관,23239
쌍용아파트,23240
선릉역,23241
삼성역,23242
강남경찰서.강남운전면허시험장,23243
삼성역,23244
휘문고.대치2동주민센터,23245
래미안하이스턴.대치순복음교회,23246
대치현대아파트,23247
휘문중고등학교,23248
휘문중고등학교,23249
대치사거리,23250
무역센터.삼성역,23251
한티역,23252
도성초등학교,23253
도성초교사거리,23254
영동농협풍림아이원아파트,23255
영동농협풍림아이원아파트,23256
도성초교사거리,23257
대치동진선여고앞,23258
선릉역,23259
포스코빌딩,23260
대치사거리,23261
대치동현대아파트,23262
은마아파트입구사거리,23263
도곡초등학교,23264
한티역.서울지방고용노동청강남지청,23265
신논현역,23266
삼정호텔앞,23267
차병원,23268
차병원,23269
언주역5번출구.차병원사거리,23270
시티프라디움더강남.라움아트센터,23271
라움아트센터.시티프라디움더강남,23272
아크로힐스논현,23273
선정릉역4번출구.시니어플라자,23274
선정릉역.무형문화재전수회관,23275
선릉역,23276
서울상록회관.한국기술센터,23277
KT강남지사,23278
KT강남지사,23279
아가방빌딩.하나은행,23280
역삼역7번출구.GS타워,23281
역삼역6번출구,23282
역삼역4번출구,23283
강남역12번출구,23284
강남역,23285
신논현역.구교보타워사거리,23286
강남역.역삼세무서,23287
역삼역.포스코P&S타워,23288
영동중앙교회,23289
강남구보건소,23290
역삼럭키아파트.역삼월드메르디앙아파트,23291
역삼초등학교,23292
역삼초등학교,23293
뱅뱅사거리.역삼동,23294
역삼초등학교,23295
대림역삼아파트,23296
래미안.그레이튼.아파트,23297
개나리아파트,23298
역삼동개나리아파트,23299
역삼동개나리아파트,23300
역삼동개나리아파트,23301
총지사,23302
총지사,23303
영동중앙교회,23304
대한사회복지회,23305
한국자산신탁.르네상스호텔,23306
진선여고앞,23307
역삼e-편한세상아파트,23308
한티역,23309
한티역,23310
역삼중학교.강남세브란스병원,23311
도곡1차IPARK.모커리한방병원,23312
총지사,23313
도곡1동주민센터.역삼럭키아파트,23314
도곡1차아이파크모커리한방병원,23315
매봉삼성아파트SK리더스뷰,23316
매봉역양재최의원,23317
양재역말죽거리.강남베드로병원,23318
뱅뱅사거리.구영동중학교,23319
뱅뱅사거리뱅뱅프라자,23321
원불교앞,23322
매봉역,23323
도곡개포한신아파트,23324
도곡동개포한신아파트,23325
우성캐릭터빌아파트,23326
군인공제회관,23327
숙명여고,23329
도곡렉슬아파트.강남세브란스병원,23330
한티역,23331
도곡렉슬아파트정문,23332
중대부고앞,23333
구룡중학교앞,23334
개포고등학교앞,23335
개포1단지,23336
개포파크빌리지,23338
하나은행사거리,23339
현대아파트경남아파트,23340
개포주공1단지정문,23341
개일초등학교앞,23342
개포고등학교,23343
개포1단지연금매장,23344
개포중학교,23345
개포도서관,23346
개포3단지.수도전기공고후문,23347
개포3단지.수도전기공고후문,23348
개포주공3단지,23349
개포자이프레지던스,23350
경기여고,23351
개포동역7번출구.개포시장,23352
개포주공5단지경기여고,23353
개포동역6번출구.개포시장,23354
개포5단지상가,23355
개포5단지상가,23356
양전초등학교,23357
개포6단지앞,23358
디에이치자이개포아파트,23359
개원중학교.대모산입구역2번출구,23360
개포주공7단지앞,23361
연금매점,23362
현대아파트,23363
개포시영아파트정문,23364
능인선원앞,23365
구룡산입구,23366
능인선원앞,23367
구룡사입구,23368
국악고교사거리,23369
삼호물산,23370
구룡초등학교,23371
광수빌딩,23372
국민은행그린공원,23373
포이사거리삼호물산,23374
포이사거리삼호물산,23375
국민은행그린공원,23376
광수빌딩,23377
개포지구대,23378
구룡초등학교,23379
수서삼성아파트앞,23380
일원본동주민센터,23381
푸른마을아파트앞,23382
상록수아파트앞,23383
일원본동주민센터,23384
수서119.안전센터앞,23385
삼성서울병원정문,23386
삼성서울병원정문건너편,23387
일원역,23388
삼성서울병원후문,23389
삼성서울병원사거리,23392
강남한양수자인아파트,23393
강남한양수자인아파트,23394
대치아파트.대모산입구역3번출구,23395
대청역,23397
마루공원,23398
대청초등학교,23399
일원1동주민센터,23400
수서역현대벤쳐빌,23401
수서역,23402
수서역KT수서지점,23403
수서역KT수서지점,23404
궁마을,23406
궁마을,23407
수서역,23408
수서역5번.출구,23409
수서역.로즈데일빌딩,23410
세곡문화복지회관,23411
은곡마을.LH이편한세상,23412
강남신동아파밀리에1단지,23413
대왕초등학교,23414
세곡동사거리,23415
세곡동,23416
광연자동차학원앞,23417
삼일자동차학원.강남자동차검사소,23418
삼일자동차학원.강남자동차검사소,23419
광연자동차학원앞,23420
세곡동,23421
세곡동사거리,23422
방죽마을,23423
래미안포레아파트,23424
쟁골마을,23425
쟁골마을,23426
래미안포레아파트,23427
방죽마을,23428
압구정역3번출구,23429
국민은행압구정지점,23430
언주역2번출구.차병원사거리,23431
영동고교앞,23432
개포우성6차아파트,23433
은곡마을진입로,23434
대치유수지체육공원,23435
우성아파트,23436
세곡푸르지오,23437
삼성역3번출구,23438
세곡푸르지오,23439
개포우성아파트,23445
래미안강남힐즈,23446
세곡중학교.세명초등학교,23447
세곡중학교.세명초등학교,23448
일원동한솔아파트,23449
시립수서청소년수련관,23450
포스코사거리,23453
대왕초등학교,23454
그랑프리백화점,23456
개포중학교,23457
구룡마을,23458
개포주공1단지아파트,23459
영희초등학교,23462
못골마을.강남자곡아이파크,23463
못골마을,23464
태화기독교.사회복지관,23465
개포도서관,23466
도곡교회.인바디빌딩,23468
강남세브란스병원,23469
도곡교회.인바디빌딩.건너,23470
래미안강남힐즈,23471
강남세브란스병원,23472
강남경찰서.강남운전면허시험장,23473
수도공고앞,23474
개포동역1번출구,23479
세곡푸르지오,23480
경남아파트,23481
세곡푸르지오,23482
구룡역5번출구,23483
구룡역1번출구,23484
럭키아파트,23488
수도공고,23491
학여울역,23500
학여울역,23501
도곡한신아파트,23504
현대1차아파트,23505
영동고등학교현대아파트,23507
총회회관.휘문고입구,23509
예림당아트홀.신한은행전산센터,23510
새마을운동중앙회,23511
총지사,23512
신한은행데이터센터,23513
개포주공1단지정문,23515
우성6차아파트,23516
포이초교,23517
국악중고교,23518
풍양빌딩,23519
코원에너지서비스,23520
코원에너지서비스,23521
현대1차우성아파트,23522
포스코사거리,23523
국민은행그린공원,23524
삼익아파트앞,23525
래미안포레아파트,23526
래미안포레아파트,23527
세곡2지구3.4단지,23528
도곡한신아파트,23529
강남더샵라르고오피스텔,23530
한남대교전망카페,23531
은곡마을입구.리엔파크2단지,23537
강남현대힐스테이트에코,23538
대왕초등학교,23543
영동2교,23573
신논현역,23580
개포동역8번출구,23595
신논현역,23641
도곡2동주민센터대치중학교,23698
도곡2동주민센터대치중학교,23720
영동2교,23731
매봉역입구,23749
리베라호텔,23844
대왕파출소,23884
삼정호텔,23951
포스코사거리,23960
삼성서울병원사거리,23981
일원주유소.삼성서울병원후문,23994
잠실역.잠실대교.남단,24001
잠실역.잠실대교.남단,24002
석촌호수.한솔병원,24003
석촌호수.한솔병원,24004
석촌역,24005
석촌역,24006
송파역,24007
송파역,24008
가락시장.가락시장역,24009
가락시장.가락시장역,24010
문정로데오거리입구,24011
문정로데오거리입구,24012
건영아파트,24013
건영아파트,24014
장지역.가든파이브,24015
장지역.가든파이브,24016
잠실역.롯데월드몰,24017
천호역.풍납시장,24101
풍납1치안센터입구,24102
파크데일아파트2단지앞,24103
파크데일아파트1단지앞,24104
풍납1동동아한가람아파트,24105
풍납동신성노바빌,24106
풍납동씨티극동아파트,24107
풍납토성.천호역10번출구,24108
영파여고.강동구청역,24109
풍납동극동.쌍용아파트,24110
풍납중학교,24111
풍성중학교후문앞,24112
울산대학교의과대학,24113
서울아산병원동관,24114
서울아산병원동관,24115
풍납토성서성벽,24116
토성초등학교.현대리버빌아파트,24119
풍납동영어체험마을,24120
올림픽대교남단,24121
잠실파크리오아파트상가.올림픽회관,24123
잠실파크리오아파트앞,24124
잠실나루역,24125
잠실진주아파트,24126
몽촌토성역,24127
신천동진주아파트,24128
잠실나루역,24129
잠실중학교.장미종합상가,24130
잠실중학교,24131
잠실역8번출구,24132
잠실역7번출구,24133
잠실역1번.11번출구,24134
잠실역9번출구,24135
송파구청.KT송파지사,24136
잠실역6번출구,24137
잠실역.롯데월드,24138
잠실5단지,24139
잠실리센츠아파트앞,24140
잠실2동주민센터 신천역8번출구앞,24141
잠실엘스아파트앞,24142
종합운동장사거리,24143
잠실종합운동장,24144
잠실트리지움아파트앞,24145
잠실역.롯데월드,24146
갤러리아팰리스,24147
잠실트리지움,24148
영동일고레이크팰리스앞,24149
영동일고트리지움APT정문앞,24150
잠실트리지움,24152
잠실119안전센터,24153
잠실종합운동장,24154
아시아선수촌아파트,24155
아주중학교,24156
종합운동장사거리,24157
신천역4번출구,24158
영빌딩앞,24159
잠실우성4차현대아파트,24160
잠실우성4차현대아파트,24161
송파강동등기소,24162
송파강동등기소,24163
아시아선수촌아파트,24164
아주중학교,24165
삼전사거리,24166
삼전사거리,24167
송파구민회관구의회,24168
송파구민회관구의회,24169
삼학사길사거리,24170
잠실119안전센터,24171
삼전삼밭나루공원입구,24172
잠실현대아파트,24173
삼전동현대APT,24174
삼전동쌍용하이츠빌라,24175
삼전사회복지관,24176
배명중고교,24177
배명사거리앞.올림픽병원,24178
배명사거리앞.올림픽병원,24179
석촌역.잠실한솔아파트,24180
석촌역.잠실한솔아파트,24181
호반써밋송파2차정문,24182
삼학사길사거리,24183
배명중고교,24184
석촌동남현교회앞,24185
석촌동남현교회앞,24186
가락시영아파트,24187
가락시영아파트,24188
송파사거리.석촌시장,24189
송파사거리,24190
송파역,24191
송파여성문화회관,24193
송파여성문화회관,24194
송파초등학교,24195
송파초등학교,24196
방이동사거리,24197
포레나송파후문,24198
송파2동한양아파트,24200
송파동한양1차아파트,24201
백제고분,24202
송파역,24203
성지아파트,24204
송파동삼익아파트,24205
삼익아파트미성아파트,24206
송파2동한양삼성아파트,24207
한양공원,24208
잠실여고후문,24209
방이2동주민센터,24210
한성백제역4번출구,24211
방이시장입구,24212
방이시장입구,24213
방이동사거리,24214
송파구청.KT송파지사,24215
잠실진주아파트,24216
올림픽베어스타운아파트앞,24217
방이초등학교,24218
방이시장입구,24219
방이우체국,24220
올림픽공원남2문,24221
올림픽공원남1문,24222
방이역3번출구대림아파트,24223
한양 삼익아파트,24224
방이시장입구,24225
방이초등학교,24226
신구블레스밸리앞,24227
신구블레스밸리,24228
방이동대림코오롱아파트,24229
방이동대림코오롱아파트,24230
올림픽회관,24231
풍납동극동.쌍용아파트,24232
한성백제박물관,24233
서울체육중.고등학교,24234
서문교회앞,24235
서하남IC입구,24236
효죽동입구,24237
포레나송파정문,24238
올림픽청소년체육문화회관,24239
올림픽공원남2문,24240
올림픽공원평화의문광장,24241
보성중고등학교,24242
보성중고등학교,24243
올림픽공원역,24244
올림픽공원역,24245
올림픽공원테니스장,24246
올림픽선수촌아파트,24247
방이역,24248
오금역.오금동현대아파트,24249
오금공원앞,24250
개롱역.오금동상아아파트,24251
보인고교.오금동삼성아파트,24252
송파사회복지관,24253
거여초등학교,24254
거여초등학교,24255
송파참병원,24256
송파참병원,24257
신흥운수입구,24258
신흥운수입구,24259
송파레미니스 후문,24260
송파레미니스 후문,24261
오금공원사거리,24262
오금공원사거리,24263
오금동대림아파트,24264
오금동대림아파트,24265
송파도서관,24266
우창아파트,24267
오금동사거리,24268
오금동사거리,24269
거여역,24270
거여역현대아파트,24271
체육문화회관,24272
하나웨딩홀,24273
송파사회복지관,24274
거여아파트단지앞,24275
거여역5번출구,24276
거여역4번출구,24277
송파파크센트럴,24278
종점,24279
비호아파트,24280
마천1동주민센터,24282
마천2동주민센터,24283
하나웨딩홀.거여현대2차아파트,24284
마천1동주민센터,24285
마천역.송파파크센트럴,24286
비호아파트,24287
남한산성입구,24288
송파구립마천청소년수련관,24289
송파구립마천청소년수련관,24290
송파보훈회관.금호어울림2차,24291
송파보훈회관.금호어울림2차,24292
마천동금호어울림1차아파트,24293
마천동금호어울림1차아파트,24294
마천시장마천동우방아파트앞,24295
남천초교마천동우방아파트앞,24296
청암노인요양원,24297
청암노인요양원,24298
마천동사거리,24299
마천동사거리,24300
마천2동윤진빌딩.신동아아파트,24301
마천2동윤진빌딩.신동아아파트,24302
마천2동주민센터,24303
복정역1번출구,24305
건영아파트,24307
문현중학교,24308
문현중학교,24309
문덕초등학교.문정고등학교,24310
문정대우아파트,24311
삼성래미안아파트후문,24312
문정시영가락프라자아파트,24313
문정시영.세양청마루아파트,24314
한림연예예술고교,24315
한림연예예술고교,24316
구송파세무서,24317
구송파세무서,24318
문정1동주민센터.로데오거리,24319
문덕초등학교.문정고등학교,24322
문정동푸르지오아파트,24323
문정동대우아파트,24324
문정동래미안아파트,24325
문정래미안현대아파트앞,24326
문정현대아파트,24327
문정동현대아파트,24328
문정현대아파트,24329
문정동제일은행앞,24330
문정동제일은행,24331
삼성래미안아파트후문,24332
문정2동주민센터,24333
훼미리근린공원,24334
문정로데오거리입구,24335
포레나송파정문,24336
장지동,24340
가윤예식장,24343
가락동미륭아파트,24344
가락동쌍용아파트,24345
송파중학교,24346
개롱역3번출구,24348
삼환아파트,24349
가락동한양아트빌라,24350
문정시영.세영청마루아파트,24351
문정시영가락프라자아파트,24352
가락2동프라자아파트,24353
가락2동프라자아파트,24354
극동아파트,24355
가락2동극동아파트,24356
가락동극동아파트,24357
가락동쌍용아파트앞,24358
가주초등학교,24359
성동구치소,24360
가락2동주민센터,24361
가락2동주민센터,24362
가락시장.가락시장역,24363
문정로데오거리입구,24364
문정1동주민센터.로데오거리,24365
건너말공원입구,24366
가락대림아파트,24367
샛별어린이공원입구,24368
송파경찰서,24369
가락동쌍용아파트,24370
가락대림아파트,24371
신가초등학교,24372
신가초등학교,24373
석촌중학교후문,24374
석촌중학교후문,24375
포레나송파,24376
경찰병원.KT가락지사,24377
경찰병원.KT가락지사,24378
가락시장역4번출구.제일오피스텔,24380
가락시장.가락시장역,24385
가락소매시장,24386
가락축협공판장,24387
가락시장․헬리오시티,24388
가락시장가락시영아파트,24389
서울시농수산물공사,24390
백제고분,24391
문정동대우아파트,24392
토성오거리,24393
풍납토성서성벽,24394
가락시장동문,24395
올림픽공원,24396
풍납동강변현대아파트,24397
홍이공원,24400
홍이공원,24401
송파파크센트럴,24402
거여역7번출구,24403
거여역6번출구,24404
풍납2동주민센터,24406
복정역환승주차장,24407
오륜사거리,24408
복정역,24410
힐스테이트송파.송파더센트레,24418
송파더센트레.힐스테이트송파,24419
복정역,24420
남한산성입구,24429
서울아산병원장례식장,24430
갑을.미성아파트,24431
송파배드민턴체육관,24432
풍납중학교앞,24434
복정역3번출구,24435
새마을시장,24436
잠실트리지움,24437
잠실현대아파트,24438
위례송파더센트레.송파푸르지오,24441
위례송파푸르지오.송파더센트레,24443
가락시장역5번출구,24444
송파.잠실세무서,24445
장지공영차고지,24446
장지공영차고지,24447
아이코리아,24448
송파파인타운11단지,24449
송파파인타운7단지,24450
송파파인타운10단지.13단지,24451
송파파인타운8단지.9단지,24452
송파구립산모건강증진센터,24453
장지동주민센터앞,24454
장지동주민센터.송파파인타운1단지,24455
잠실여고후문,24456
건영아파트앞,24457
신천역앞,24458
가락래미안앞,24459
서울버스종점,24460
서울버스종점,24461
송파파인타운2단지.구립송파복지센터,24462
송파파인타운3단지.한림예고,24463
송파글마루도서관.버들어린이집,24464
송파글마루도서관.버들어린이집,24465
문현고등학교.송파파인타운5단지,24466
문현고등학교,24467
풍납현대아파트,24468
문정3차푸르지오아파트.송파파인타운1단지,24469
문정3차푸르지오아파트.송파파인타운1단지,24470
아이코리아앞,24471
가든파이브,24472
가든파이브,24473
장지역가든파이브,24475
장지역가든파이브,24476
가든파이브공구상가,24477
가든파이브공구상가,24478
잠실대교전망카페,24479
잠실대교전망카페,24480
석촌호수서호사거리,24481
석촌호수서호사거리,24482
미켈란호수가아파트,24483
미켈란호수가아파트,24484
호수임광아파트,24485
호수임광아파트,24486
송파파인타운아파트11단지,24487
송파파인타운아파트11단지,24488
문정중학교후문,24489
문정동래미안아파트남문,24490
파크데일아파트입구,24491
위례신도시24단지앞,24492
송파더센트레.송례초앞,24493
송파더센트레.송례중앞,24494
위례신도시24단지앞,24495
송파푸르지오시티.한화오벨리스크,24496
송파푸르지오시티.한화오벨리스크,24497
파크데일아파트입구,24498
영파여고.강동구청역,24500
위례서로.신도시24단지,24653
위례서로.신도시24단지,24654
복정역,24658
잠실역,24998
상일초교,25001
상일초교,25002
초이동,25003
초이동,25004
강동자이.프라자아파트,25005
강동자이·프라자아파트,25006
둔촌2동주민센터,25007
둔촌2동주민센터,25008
길동사거리.강동세무서,25009
길동사거리.강동세무서,25010
강동역,25011
강동역,25012
강동공영차고지,25101
강동공영차고지,25102
고덕리엔파크1단지,25103
고덕리엔파크1단지,25104
해뜨는주유소,25105
해뜨는주유소,25106
고덕천교차로,25107
고덕천교차로,25108
고덕자이.고덕천물놀이장,25109
고덕주공3단지,25110
고덕자이,25111
고덕주공6단지,25112
GS강동자이아파트.둔촌동프라자아파트,25117
둔촌동프라자아파트.GS강동자이아파트,25118
둔촌푸르지오아파트,25119
둔촌푸르지오아파트,25120
길동주민센터.서울양병원,25121
둔촌2동주민센터.서울양병원,25122
길동사거리.강동세무서,25123
길동사거리.강동세무서,25124
강동역1번출구.동신중학교,25125
강동역(동신중학교),25126
천호역5번출구.천호사거리,25127
천호역6번출구.천호사거리,25128
상일동역4번출구.센트럴푸르지오,25131
상일동역6번출구.고덕아르테온,25132
상일동역1번출구,25133
상일동역4번출구,25134
고덕주공2단지,25135
고덕주공2단지,25136
고덕평생학습관.온조대왕체육관,25137
고덕평생학습관.온조대왕체육관,25138
고덕역,25139
고덕역,25140
배재중고등학교,25141
배재중고등학교,25142
동부기술교육원.장애인종합복지관,25143
동부기술교육원.장애인종합복지관,25144
명일초등학교,25145
명일초등학교,25146
암사3동주민센터(강동롯데캐슬퍼스트),25147
암사3동주민센터프라이어팰리스,25148
강일중.선사고,25149
강일중.선사고,25150
신암중학교,25151
신암중학교,25152
삼성광나루아파트.암사동유적,25153
삼성광나루아파트.암사동유적,25154
암사역선사현대아파트,25155
암사역2번출구.암사종합시장,25156
천호동공원,25157
천호동공원,25158
친구병원,25159
친구병원,25160
천호역2번출구.현대백화점,25161
천호역3번출구.현대백화점,25162
천호역,25163
강동구청역1번출구.영파여고,25164
상일동역,25165
상일동역,25166
고덕초등학교,25167
고덕초등학교,25168
고덕중학교,25169
고덕중학교,25170
광문고.서울컨벤션고,25171
광문고.서울컨벤션고,25172
고덕아이파크아파트,25173
고덕아이파크아파트,25174
고덕1동주민센터,25175
고덕1동주민센터,25176
강동경희대병원.명일동이마트,25177
강동아트센터.강동경희대병원,25178
강동아트센터.강동경희대병원후문,25179
한영중고한영외고,25180
한영중고한영외고,25181
길동자연생태공원,25182
길동자연생태공원,25183
일자산입구.둔촌도서관,25184
일자산입구.둔촌도서관,25185
서부입구,25186
동북고등학교,25187
오륜교회앞,25188
보훈병원,25190
보훈병원,25191
약수터,25192
약수터,25193
명일여자고등학교,25194
명일여자고등학교,25195
길동성당,25196
길동성당,25197
길동신동아아파트,25198
길동신동아아파트,25199
보훈회관,25204
보훈회관,25205
대순진리회,25210
대순진리회,25211
성내2동주민센터,25212
성내2동주민센터,25213
성내삼성청구아파트,25214
성내삼성청구아파트,25215
성내주유소,25216
성내주유소,25217
강동농협,25218
강동농협,25219
참잘함한방병원,25220
참잘함한방병원,25221
천동초등학교,25222
천동초등학교,25223
강동성심병원(동신중학교),25224
강동성심병원(동신중학교),25225
조은마디병원,25226
조은마디병원,25227
"JYP엔터테인먼트,윤선생영어교실",25230
"JYP엔터테인먼트,윤선생영어교실",25231
명일역3번출구,25232
명일역2번출구,25233
명일역1번출구.명일전통시장,25234
명일역4번출구.명일전통시장,25235
굽은다리사거리,25236
굽은다리사거리,25237
십자성마을,25238
십자성마을,25239
길동역1번출구,25240
길동역3번출구,25241
서울프라임한방병원,25242
서울프라임한방병원,25243
강동리바트,25244
동명약국앞,25245
둔촌동역4번출구,25246
둔촌동역2번출구,25247
서울성내동우체국,25248
한국전력공사강동송파지사,25249
고덕자이.상일여고,25250
고덕자이.상일여고,25251
상일1동주민센터.고덕사회체육센터,25252
상일1동주민센터.롯데캐슬베네루체,25253
고덕주공4단지,25254
고덕주공4단지,25255
강동고등학교,25256
강동고등학교,25257
한영중고한영외고,25259
명일동현대아파트,25260
한영중고한영외고,25261
고덕삼환.주공9단지아파트,25262
고덕삼환.주공9단지아파트,25263
명일여자고등학교,25264
명일여자고등학교,25265
명일1동주민센터,25266
명일1동주민센터,25267
강동구청,25281
강동구청,25282
강동보건소앞,25283
강동보건소건너 ,25284
성내동미주아파트,25285
성내동미주아파트,25286
서울장애인복지관,25287
서울장애인복지관,25288
명일동신동아아파트,25289
명일동신동아아파트,25290
상일동주몽재활원,25297
상일동주몽재활원,25298
보훈병원,25302
보훈병원,25303
강동첨단업무단지.상일여고입구,25309
강동첨단업무단지.상일여고입구,25310
천동초교입구사거리,25311
천동초교입구사거리,25312
강동구청역농협중앙회,25313
성내구립도서관.사회적경제지원센터,25314
성내구립도서관.사회적경제지원센터,25315
강일리버파크6단지,25317
강일동주민센터,25318
강일동 주민센터,25319
강일리버파크4단지.2단지,25320
강일리버파크2단지.4단지,25321
강일고등학교.강일리버파크7단지,25322
강일고등학교.강일리버파크7단지,25323
강일리버파크6단지,25324
강일초등학교,25326
강일초등학교,25327
강일리버파크9단지.10단지,25328
강일리버파크10단지.9단지,25329
강일리버파크8단지,25332
강일리버파크8단지,25333
강일리버파크4단지.5단지,25334
강일리버파크5단지.4단지,25335
강일리버파크1단지.3단지,25336
강일리버파크3단지.1단지,25337
하남고등학교,25338
강일리버파크9단지후문,25339
강일리버파크9단지후문,25340
강동공영차고지,25341
강일역.고덕리엔파크2단지.3단지,25342
강일역.고덕리엔파크3단지.2단지,25343
고덕리엔파크2단지,25344
강명초등학교.고덕리엔파크3단지,25345
강명초등학교.고덕리엔파크3단지,25346
고덕리엔파크2단지,25347
굽은다리역구민회관.강동홈플러스,25348
굽은다리역구민회관.강동홈플러스,25349
삼성엔지니어링,25350
삼성엔지니어링,25351
고덕리엔파크3단지,25352
고덕리엔파크3단지,25353
천동초교삼거리,25357
천동초교삼거리,25358
동아하이빌,25359
동아하이빌,25360
천일초교사거리,25361
천일초교사거리,25362
천일중.구강사,25363
천일중.구강사,25364
상일동주민센터,25365
상일동주민센터.주공4단지,25366
고현초등학교.고덕센트럴아이파크,25367
고현초등학교.고덕숲아이파크,25368
현대토파즈아파트,25369
채선당앞,25370
서울시동부기술교육원.명덕초교,25371
아남.대우아파트,25372
강동롯데캐슬퍼스트아파트,25373
고덕한양아파트,25603
천호우체국,25616
강동구청,25617
천호우성아파트,25625
성덕중고등학교,25643
성덕중고등학교,25644
강동농협,25650
강동농협,25651
천호우성아파트,25653
천호초교입구사거리,25654
천호시장,25657
천호초교입구사거리,25658
천호시장,25659
둔촌동역,25728
강일리버파크1단지정문,25753
우성아파트,25995
우성아파트,25996
조일약국,25997
